t,I,I_model,Manifold,Manifold_Empirical
1925.0000333,-6.0476,1.081441219896619,0.05658717563576226,0.06026887
1925.0833333,-6.7615,0.8807633232820127,0.05654451709553007,0.06015473
1925.1666333,-0.6294,0.4368862734613286,0.05635611394810186,0.0600406
1925.2500333,13.195,0.8478669943381272,0.056119551009440966,0.0597885
1925.3333333,21.327,1.3294626265238785,0.056016759762788006,0.05967437
1925.4166333,25.9206,0.8457023310717675,0.05612011475871394,0.05956023
1925.5000333,35.2063,0.43948053150597843,0.05630191407282143,0.0594461
1925.5833333,27.1074,0.43208538501575156,0.05634192977930431,0.05933196
1925.6666333,21.0085,0.8024314620765001,0.0561316929630595,0.05921783
1925.7500333,24.1402,19.959026643154008,-0.02750242283310067,-0.0266919
1925.8333333,24.7334,20.501346914169567,-0.027594626959922066,-0.02657777
1925.9166333,35.019,19.920644915014908,-0.027496928889219643,-0.02646363
1926.0000333,33.6889,17.98523516468915,-0.027282589654784646,-0.0263495
1926.0833333,40.0513,16.20341859161346,-0.027127661298014014,-0.02623536
1926.1666333,41.952,16.091787273809935,-0.0271184775484394,-0.02612123
1926.2500333,37.0833,16.561967153075766,-0.02715745359009725,-0.0259305
1926.3333333,25.2916,15.404520770300973,-0.027062657939746968,-0.02581636
1926.4166333,21.1922,11.704841566762965,-0.02676171604681783,-0.02570223
1926.5000333,17.1695,8.11308799203783,-0.02638232983570739,-0.02558809
1926.5833333,13.3008,6.9441282081049085,-0.02614472723222182,-0.02547396
1926.6666333,13.4319,6.983093920878744,-0.02615737715135705,-0.02535982
1926.7500333,12.3321,35.0323003080145,0.09657888399555424,0.09573836
1926.8333333,21.4632,35.80635415242536,0.09628921380548056,0.09562422
1926.9166333,33.2865,35.921672916653144,0.09618932497917959,0.09551009
1927.0000333,38.8789,35.90624384972058,0.09620607731661164,0.09539596
1927.0833333,42.5482,35.942791205792446,0.09616341877637959,0.09528182
1927.1666333,40.9098,36.01723406398503,0.09597501562895107,0.09516769
1927.2500333,34.8097,35.9877088426951,0.09573845269029015,0.0950528
1927.3333333,42.0943,35.94745387638512,0.0956356614436377,0.09493866
1927.4166333,41.3018,35.9878864461038,0.09573901643956348,0.09482453
1927.5000333,24.2785,36.01955371137901,0.0959208157536709,0.09471039
1927.5833333,19.1013,36.018483670611005,0.095960831460154,0.09459626
1927.6666333,4.5395,35.99143219221561,0.0957505946439209,0.09448212
1927.7500333,4.4391,6.807085017700755,-0.06670360132915076,-0.06515124
1927.8333333,1.8771,6.844976476446382,-0.06679594729582534,-0.06503711
1927.9166333,-2.6079,6.798432711654005,-0.0666982492251231,-0.06492297
1928.0000333,2.2145,5.889513641375417,-0.06648390999068804,-0.06480884
1928.0833333,9.4216,4.605800968504266,-0.06632898163391729,-0.0646947
1928.1666333,12.8595,4.515263211496582,-0.06631979788434256,-0.06458057
1928.2500333,16.451,4.889020824862309,-0.06635877392600045,-0.06445418
1928.3333333,15.8887,3.9338606576197668,-0.06626397827565036,-0.06434004
1928.4166333,12.6341,0.0909565507136092,-0.0659630363827214,-0.06422591
1928.5000333,12.0716,-5.340291921066048,-0.06558365017161094,-0.06411178
1928.5833333,11.1245,-8.32455818640629,-0.06534604756812516,-0.06399764
1928.6666333,7.3313,-8.181625379733713,-0.06535869748731027,-0.06388351
1928.7500333,24.2301,0.3808385830258736,0.09889034142815463,0.10088029
1928.8333333,27.2829,2.546341504941012,0.09860091784004003,0.10076616
1928.9166333,34.4126,3.890251067513364,0.09850102901373954,0.10065202
1929.0000333,38.6959,3.6460130601311302,0.09851778135117156,0.10053789
1929.0833333,30.3639,4.282080730454398,0.09847512281093918,0.10042375
1929.1666333,25.0318,7.586945394153817,0.09828671966351077,0.10030962
1929.2500333,24.238,12.544341613638986,0.09805015672484996,0.10024479
1929.3333333,18.5212,14.839386653095602,0.09794736547819732,0.10013065
1929.4166333,9.6505,12.531885164142455,0.09805072047412293,0.10001652
1929.5000333,-0.5281,8.661235307322025,0.09823251978823037,0.09990238
1929.5833333,-4.0912,7.863594324448507,0.0982725354947137,0.09978825
1929.6666333,-0.1159,12.276493333311464,0.09806229867849384,0.09967411
1929.7500333,5.7823,7.294678115012657,-0.002098403781107254,-0.0024613
1929.8333333,-0.8579,7.856908593859438,-0.0021907525602598357,-0.00234717
1929.9166333,-3.7289,7.259395152485372,-0.0020930544895577624,-0.00223303
1930.0000333,0.1691,5.668440158720306,-0.0018787152551227187,-0.0021189
1930.0833333,0.3748,4.413583973252057,-0.0017237868983518351,-0.00200476
1930.1666333,-1.8041,4.339543797810719,-0.0017146031487774189,-0.00189063
1930.2500333,-11.6754,4.654850891949478,-0.001753579190435355,-0.00193142
1930.3333333,-9.3929,3.8948197913333686,-0.0016587835400847556,-0.00181728
1930.4166333,-13.4951,1.8663141791697178,-0.001357841647155947,-0.00170315
1930.5000333,-7.8282,1.0524772163258758,-0.000978455436045564,-0.00158901
1930.5833333,-18.1612,1.8856798250729638,-0.0007408528325595583,-0.00147488
1930.6666333,-15.1866,1.814523081765552,-0.0007535027517909104,-0.00136074
1930.7500333,-9.4429,-12.63168328927817,0.07264175557058777,0.07181729
1930.8333333,-8.0069,-3.0341848141885466,0.07235222045901905,0.07170315
1930.9166333,0.4291,-0.19692209406432104,0.07225233163271838,0.07158902
1931.0000333,13.0957,-0.650193409272112,0.07226908397015037,0.07147488
1931.0833333,14.3008,0.48475715099957295,0.07222642542991811,0.07136075
1931.1666333,19.5827,4.655906743836011,0.07203802228248983,0.07124661
1931.2500333,27.8645,7.615130704076786,0.07180145934382898,0.07123041
1931.3333333,29.531,8.023846886677862,0.07169866809717615,0.07111627
1931.4166333,15.8897,7.611385982950262,0.0718020230931022,0.07100214
1931.5000333,20.9405,5.572229060900655,0.07198382240720967,0.070888
1931.5833333,34.2222,4.908748801938984,0.07202383811369241,0.07077387
1931.6666333,41.0423,7.530878060437259,0.07181360129756444,0.07065973
1931.7500333,42.6314,42.70890411023811,0.13637082873094736,0.13889425
1931.8333333,46.0668,40.497122643256134,0.13608095765719636,0.13878012
1931.9166333,51.9636,39.42738497882914,0.1359810688308959,0.13866598
1932.0000333,58.2449,39.61654766995186,0.13599782116832793,0.13855185
1932.0833333,60.3724,39.12757273475765,0.13595516262809548,0.13843771
1932.1666333,57.1921,36.716854104394756,0.13576675948066702,0.13832358
1932.2500333,56.0117,33.3210597899773,0.1355301965420062,0.1381389
1932.3333333,42.9082,31.81039994931002,0.13542740529535363,0.13802477
1932.4166333,39.7278,33.3293588001504,0.13553076029127928,0.13791064
1932.5000333,36.5472,35.963492768894724,0.1357125596053867,0.1377965
1932.5833333,36.5974,36.52175149567188,0.13575257531186993,0.13768237
1932.6666333,9.263,33.49975043147941,0.13554233849560832,0.13756823
1932.7500333,20.3899,8.75234870361496,-0.040563757472090727,-0.03686413
1932.8333333,19.6707,9.621387420253765,-0.040656042801993454,-0.03674999
1932.9166333,18.5669,8.70141355681651,-0.04055834473129132,-0.03663586
1933.0000333,18.7706,6.789707836295041,-0.04034400549685627,-0.03652172
1933.0833333,25.4359,5.683530902578718,-0.040189077140085426,-0.03640759
1933.1666333,24.2549,5.629006141228355,-0.04017989339051105,-0.03629345
1933.2500333,13.5353,5.869832560879494,-0.04021886943216897,-0.03613422
1933.3333333,3.9697,5.329081737713777,-0.04012407378181831,-0.03602009
1933.4166333,1.7117,4.844360492251592,-0.039823131888889446,-0.03590595
1933.5000333,-10.1619,7.548186079013391,-0.03944374567777907,-0.03579182
1933.5833333,-4.6508,11.136575563385463,-0.03920614307429314,-0.03567768
1933.6666333,-7.986,10.913604878754057,-0.03921879299345464,-0.03556355
1933.7500333,-11.629,13.29081714564079,0.09990454146841696,0.10300623
1933.8333333,-22.8103,7.175152487652236,0.09961497227738762,0.10289209
1933.9166333,-19.4533,5.347310904721798,0.099515083451087,0.10277796
1934.0000333,-11.8657,5.639236980805513,0.09953183578851901,0.10266382
1934.0833333,-6.8934,4.908555562303332,0.09948917724828671,0.10254969
1934.1666333,-20.8443,2.2455259386645947,0.09930077410085839,0.10243555
1934.2500333,-27.103,0.4583303691531109,0.09906421116219755,0.1023845
1934.3333333,-13.977,0.28334561823739257,0.09896141991554479,0.10227036
1934.4166333,-19.8511,0.46031871778803524,0.0990647749114709,0.10215623
1934.5000333,-25.4177,1.6724475542267294,0.09924657422557837,0.10204209
1934.5833333,-11.5227,2.086619102193466,0.09928658993206103,0.10192796
1934.6666333,-14.4738,0.5036231270269962,0.09907635311582345,0.10181382
1934.7500333,-12.656,-21.789356128265396,0.021160914809779115,0.02022557
1934.8333333,-2.4534,-13.551791142165628,0.020871017822114788,0.02011144
1934.9166333,0.0568,-10.514074804691619,0.020771128995813758,0.0199973
1935.0000333,6.8745,-11.025109019731474,0.020787881333245797,0.01988317
1935.0833333,11.5384,-9.724047144538371,0.02074522279301378,0.01976903
1935.1666333,2.433,-4.086399559489665,0.02055681964558529,0.0196549
1935.2500333,8.4044,2.2746490869570413,0.02032025670692434,0.0194309
1935.3333333,7.3758,4.629705158148971,0.020217465460271825,0.01931677
1935.4166333,1.7318,2.2609465620591336,0.020320820456197538,0.01920263
1935.5000333,3.0107,-2.5358584778940525,0.02050261977030496,0.0190885
1935.5833333,21.0589,-3.6764059192259055,0.020542635476788126,0.01897436
1935.6666333,12.2609,1.9777383448210166,0.02033239866058402,0.01886023
1935.7500333,13.7704,8.248273422261036,0.1020169039848952,0.10081173
1935.8333333,9.3569,15.21327084107376,0.10172737516507438,0.1006976
1935.9166333,13.5587,17.51187321015126,0.1016274863387736,0.10058347
1936.0000333,15.2219,17.1348874191063,0.10164423867620567,0.10046933
1936.0833333,10.1928,18.086845826488563,0.1016015801359735,0.1003552
1936.1666333,5.0868,21.895439669322737,0.1014131769885453,0.10024106
1936.2500333,10.1344,25.399934663988915,0.10117661404988441,0.10019601
1936.3333333,6.8744,26.36398000229504,0.10107382280323146,0.10008187
1936.4166333,2.5374,25.393645811652494,0.1011771777991574,0.09996774
1936.5000333,1.431,22.840986679690488,0.1013589771132649,0.0998536
1936.5833333,-11.4446,22.15025046477458,0.10139899281974779,0.09973947
1936.6666333,-24.9356,25.262137420160446,0.10118875600360164,0.09962533
1936.7500333,-21.7345,20.499496559161738,0.10148658018923253,0.10258122
1936.8333333,-30.3025,25.169946892291122,0.1011966478380795,0.10246708
1936.9166333,-30.7937,26.18092363451933,0.10109675901177893,0.10235295
1937.0000333,-21.4389,26.035433133818874,0.10111351134921095,0.10223882
1937.0833333,-15.1609,26.38630909176734,0.10107085280897861,0.10212468
1937.1666333,-15.0369,27.140660124187683,0.10088244966155024,0.10201055
1937.2500333,-19.8361,26.221280230343694,0.10064588672288942,0.10179377
1937.3333333,-20.866,25.2056027229904,0.10054309547623672,0.10167964
1937.4166333,-20.6652,26.225868607778253,0.10064645047216288,0.1015655
1937.5000333,-21.0031,27.11224193969558,0.10082824978627034,0.10145137
1937.5833333,-16.4947,27.143861339189367,0.10086826549275293,0.10133723
1937.6666333,2.1675,26.31766489644361,0.1006580286765006,0.1012231
1937.7500333,26.5987,25.255729298941095,0.005539833400490253,0.01084497
1937.8333333,33.4146,26.047308919625728,0.005250128498799399,0.01073083
1937.9166333,42.9997,26.404932669338574,0.005150239672498426,0.0106167
1938.0000333,53.3538,26.342773140826015,0.0051669920099304744,0.01050256
1938.0833333,47.4003,26.50247648942969,0.0051243334696984165,0.01038843
1938.1666333,45.0621,27.239099309959833,0.004935930322269889,0.0102743
1938.2500333,38.2622,28.09308017904616,0.004699367383608953,0.01026747
1938.3333333,37.0778,28.377914802882678,0.004596576136956501,0.01015334
1938.4166333,30.2779,28.091326857582253,0.004699931132882267,0.0100392
1938.5000333,20.4009,27.449537077405274,0.004881730446989675,0.00992507
1938.5833333,21.9086,27.294594534938277,0.004921746153472771,0.00981094
1938.6666333,21.0316,28.054911050629535,0.004711509337309564,0.0096968
1938.7500333,9.1545,-24.17231846354428,0.10771034257122176,0.10952646
1938.8333333,-13.4918,-17.24682912495049,0.10742071766600289,0.10941233
1938.9166333,-14.9844,-14.766844431743287,0.10732082883970216,0.10929819
1939.0000333,-14.1694,-15.182953370486324,0.10733758117713425,0.10918406
1939.0833333,-19.8159,-14.12398377392135,0.10729492263690203,0.10906992
1939.1666333,-23.5393,-9.519371871737537,0.10710651948947379,0.10895579
1939.2500333,-28.8784,-4.113939339791469,0.10686995655081293,0.1088366
1939.3333333,-47.9866,-1.9599840052041564,0.10676716530416003,0.10872247
1939.4166333,-54.0179,-4.126115748981924,0.10687052030008602,0.10860833
1939.5000333,-51.2033,-8.23436822564439,0.10705231961419351,0.1084942
1939.5833333,-57.0039,-9.180871948840045,0.10709233532067632,0.10838006
1939.6666333,-62.3431,-4.377031460630803,0.10688209850443112,0.10826593
1939.7500333,-75.7594,-43.45691008229311,-0.017283086800445678,-0.01943258
1939.8333333,-75.0987,-41.677337144279406,-0.017375385419786917,-0.01931845
1939.9166333,-73.515,-43.552915285258976,-0.01727768734908444,-0.01920431
1940.0000333,-73.5469,-46.54212425068377,-0.01706334811464943,-0.01909018
1940.0833333,-67.5017,-47.59820308355747,-0.016908419757878837,-0.01897604
1940.1666333,-56.6874,-47.629758764585404,-0.016899236008304258,-0.01886191
1940.2500333,-52.181,-47.47162563471518,-0.016938212049962095,-0.01877713
1940.3333333,-59.2898,-47.74553701071187,-0.016843416399611753,-0.018663
1940.4166333,-35.3988,-46.143176872933616,-0.016542474506683166,-0.01854886
1940.5000333,-30.1233,-39.42150092510448,-0.01616308829557274,-0.01843473
1940.5833333,-35.4631,-33.402054046411095,-0.01592548569208644,-0.01832059
1940.6666333,-26.726,-33.74343492037625,-0.015938135611260455,-0.01820646
1940.7500333,-28.6815,-31.15867058553252,0.06763483620336379,0.06513471
1940.8333333,-25.1753,-30.248479506320372,0.0673452290311235,0.06502058
1940.9166333,-22.823,-30.041830416948713,0.06724534020482259,0.06490644
1941.0000333,-15.5479,-30.073754651951766,0.06726209254225465,0.06479231
1941.0833333,-16.888,-29.994322737800495,0.06721943400202256,0.06467817
1941.1666333,-15.0744,-29.696589556027085,0.067031030854594,0.06456404
1941.2500333,-22.2609,-29.352114299111484,0.06679446791593309,0.06447738
1941.3333333,-31.9859,-29.182507189283534,0.0666916766692807,0.06436324
1941.4166333,-20.2493,-29.35299303425213,0.06679503166520653,0.06424911
1941.5000333,-22.6668,-29.619178408722448,0.06697683097931394,0.06413497
1941.5833333,-35.2381,-29.676201848860778,0.06701684668579697,0.06402084
1941.6666333,-43.9632,-29.370934598293342,0.06680660986959831,0.0639067
1941.7500333,-52.0732,-15.310553925581258,-0.019274777489055615,-0.01836637
1941.8333333,-49.6446,-16.59268809319884,-0.01936715150547941,-0.01825223
1941.9166333,-42.9853,-15.242625652352496,-0.01926945343477711,-0.0181381
1942.0000333,-32.7878,-13.16078002164814,-0.01905511420034213,-0.01802396
1942.0833333,-36.2824,-12.581476234159886,-0.01890018584357141,-0.01790983
1942.1666333,-34.1618,-12.574234352785922,-0.018891002093996714,-0.0177957
1942.2500333,-36.7336,-12.626343295109512,-0.018929978135654595,-0.01771105
1942.3333333,-36.1516,-12.597862990878049,-0.01883518248530445,-0.01759691
1942.4166333,-26.8772,-14.755637962268501,-0.018534240592375423,-0.01748278
1942.5000333,-28.0646,-21.871678627341296,-0.018154854381264966,-0.01736864
1942.5833333,-30.6366,-27.962867341067323,-0.017917251777779246,-0.01725451
1942.6666333,-8.4393,-27.622769485032872,-0.01792990169700327,-0.01714037
1942.7500333,7.9116,6.777180083706116,0.08345736472080949,0.08696692
1942.8333333,22.1856,6.247980579297362,0.0831678897446208,0.08685278
1942.9166333,31.9211,6.380094967687952,0.08306800091832037,0.08673865
1943.0000333,39.0411,6.346128711260713,0.0830847532557524,0.08662451
1943.0833333,41.5457,6.441964812460791,0.08304209471551997,0.08651038
1943.1666333,45.1273,7.222499747329558,0.08285369156809154,0.08639624
1943.2500333,47.0163,8.910039977978439,0.08261712862943074,0.0863693
1943.3333333,31.9823,9.813656222957752,0.08251433738277816,0.08625517
1943.4166333,19.2559,8.905297871302214,0.08261769237870382,0.08614103
1943.5000333,16.6832,7.547564604135516,0.08279949169281126,0.0860269
1943.5833333,24.4183,7.303541401749203,0.0828395073992945,0.08591277
1943.6666333,35.2303,8.808512110184191,0.08262927058311303,0.08579863
1943.7500333,25.1959,-3.202847829400101,0.04425872495593764,0.0436329
1943.8333333,26.4692,-0.8417915577370843,0.04396884500722514,0.04351877
1943.9166333,28.7425,0.3997457900243573,0.043868956180924276,0.04340463
1944.0000333,27.3233,0.178101643905193,0.043885708518356346,0.0432905
1944.0833333,20.9812,0.7525193284335758,0.04384304997812421,0.04317636
1944.1666333,9.562,3.635909362911444,0.0436546468306956,0.04306223
1944.2500333,11.9119,7.783698818268286,0.04341808389203469,0.04283203
1944.3333333,12.8772,9.65280837164871,0.043315292645382364,0.04271789
1944.4166333,20.304,7.773470185307522,0.04341864764130824,0.04260376
1944.5000333,22.423,4.549089794509836,0.04360044695541563,0.04248962
1944.5833333,10.0035,3.8719587976552035,0.04364046266189858,0.04237549
1944.6666333,-0.6468,7.563554740907182,0.043430225845644134,0.04226135
1944.7500333,-3.2203,20.7538333158853,-0.027658129595882472,-0.02922327
1944.8333333,0.437,20.92608778773237,-0.027750307931687396,-0.02910913
1944.9166333,2.7866,20.73606675558741,-0.027652609860985035,-0.028995
1945.0000333,8.5975,19.471962115266805,-0.02743827062655005,-0.02888086
1945.0833333,16.1777,17.993284564128196,-0.02728334226977937,-0.02876673
1945.1666333,18.6809,17.894579733225946,-0.027274158520204712,-0.0286526
1945.2500333,25.4147,18.305996791667777,-0.027313134561862577,-0.02846998
1945.3333333,24.3794,17.273713739266746,-0.027218338911512364,-0.02835585
1945.4166333,25.8824,13.58799589254779,-0.026917397018583287,-0.02824171
1945.5000333,29.9238,9.361341526297862,-0.02653801080747284,-0.02812758
1945.5833333,42.8113,7.606155732042055,-0.02630040820398719,-0.02801344
1945.6666333,45.3911,7.677381101831626,-0.026313058123120514,-0.02789931
1945.7500333,48.9708,27.030429191105885,0.05139211888622102,0.0516685
1945.8333333,43.6274,22.789730292399664,0.051102405232402545,0.05155436
1945.9166333,44.3609,21.809514922010056,0.05100251640610151,0.05144023
1946.0000333,42.325,21.954336798094793,0.051019268743533554,0.0513261
1946.0833333,39.9814,21.601530969064616,0.05097661020330154,0.05121196
1946.1666333,32.4071,20.692284599941374,0.05078820705587306,0.05109783
1946.2500333,34.294,21.07392695064724,0.05055164411721211,0.05095379
1946.3333333,15.1042,21.740935076311544,0.05044885287055959,0.05083965
1946.4166333,-8.4704,21.071065368875875,0.0505522078664853,0.05072552
1946.5000333,-35.5836,20.631129679803568,0.05073400718059272,0.05061138
1946.5833333,-57.1582,20.667594333873517,0.050774022887075894,0.05049725
1946.6666333,-80.1175,21.01427618375524,0.05056378607084785,0.05038311
1946.7500333,-80.0771,-53.211295281850745,-0.05995026709700829,-0.05855822
1946.8333333,-90.7288,-50.385444013827474,-0.06004252265920847,-0.05844408
1946.9166333,-95.3806,-53.3715420383953,-0.05994482458850628,-0.05832995
1947.0000333,-99.3403,-58.971472405031044,-0.05973048535407122,-0.05821581
1947.0833333,-100.531,-61.97198547644511,-0.05957555699730041,-0.05810168
1947.1666333,-112.875,-62.11789783795762,-0.05956637324772563,-0.05798754
1947.2500333,-113.604,-61.47305402625282,-0.05960534928938354,-0.05784105
1947.3333333,-120.102,-62.92275239914944,-0.05951055363903352,-0.05772691
1947.4166333,-97.6775,-64.65849739668462,-0.05920961174610461,-0.05761278
1947.5000333,-76.4067,-60.322270968447455,-0.05883022553499413,-0.05749864
1947.5833333,-57.2128,-54.27956349627186,-0.05859262293150826,-0.05738451
1947.6666333,-48.4805,-54.6546210810224,-0.05860527285067977,-0.05727037
1947.7500333,-39.7484,-9.151352376785013,0.12384760897139975,0.12600305
1947.8333333,-31.7085,-11.712973665278263,0.12355817654398564,0.12588892
1947.9166333,-18.4379,-13.010419764228889,0.12345828771768508,0.12577478
1948.0000333,-5.7829,-12.778166789770621,0.1234750400551171,0.12566065
1948.0833333,4.2568,-13.380974725529414,0.12343238151488475,0.12554651
1948.1666333,11.3734,-16.466007416836455,0.12324397836745639,0.12543238
1948.2500333,28.1821,-21.114381587672195,0.12300741542879556,0.12535414
1948.3333333,31.7601,-23.292692078072307,0.12290462418214286,0.12524
1948.4166333,30.7996,-21.102601645904308,0.12300797917806901,0.12512587
1948.5000333,22.1466,-17.46729172455717,0.12318977849217647,0.12501173
1948.5833333,25.4936,-16.723652168636626,0.12322979419865907,0.1248976
1948.6666333,34.456,-20.861192749816237,0.12301955738243608,0.12478346
1948.7500333,45.7259,27.954750785718446,0.0040245823673449935,0.00148157
1948.8333333,56.1497,26.078716566990135,0.0037346239641694273,0.00136744
1948.9166333,68.2658,25.189974345174768,0.003634735137868451,0.0012533
1949.0000333,62.9971,25.34649999230115,0.003651487475300499,0.00113917
1949.0833333,66.5746,24.94241445425072,0.0036088289350684434,0.00102503
1949.1666333,57.6136,22.974093105816856,0.003420425787639918,0.0009109
1949.2500333,42.1139,20.27152246807738,0.003183862848978981,0.00065584
1949.3333333,35.4604,19.10105769605768,0.003081071602326525,0.0005417
1949.4166333,34.73,20.2780135036619,0.003184426598252288,0.00042757
1949.5000333,42.4609,22.367069194353036,0.0033662259123596974,0.00031343
1949.5833333,44.1919,22.816510205682068,0.0034062416188427977,0.0001993
1949.6666333,36.9229,20.411421546654406,0.0031960048026022643,8.516e-5
1949.7500333,31.1921,20.029656228995076,0.04105665470620297,0.03987799
1949.8333333,26.3845,20.007429605324642,0.04076707203242776,0.03976385
1949.9166333,25.423,20.110172616761247,0.04066718320612702,0.03964972
1950.0000333,23.6151,20.09015797828407,0.040683935543559105,0.03953558
1950.0833333,28.1919,20.14290018533771,0.040641277003326884,0.03942145
1950.1666333,18.384,20.411699463189894,0.04045287385589864,0.03930731
1950.2500333,33.2683,20.63168104811837,0.040216310917237756,0.03931032
1950.3333333,43.768,20.598797563573672,0.04011351967058485,0.03919618
1950.4166333,39.7292,20.63157859949918,0.04021687466651083,0.03908205
1950.5000333,33.5364,20.484645948712526,0.04039867398061832,0.03896791
1950.5833333,10.8052,20.431482187792827,0.04043868968710113,0.03885378
1950.6666333,0.8432,20.628872642552004,0.04022845287095504,0.03873964
1950.7500333,-4.8883,-23.35896169319445,0.07731179468241384,0.0771117
1950.8333333,-7.1581,-22.187575330824398,0.07702196320704435,0.07699757
1950.9166333,-8.5819,-21.8854103555033,0.07692207438074385,0.07688343
1951.0000333,-4.852,-21.93251212355351,0.07693882671817587,0.0767693
1951.0833333,-13.6605,-21.815417460290185,0.07689616817794348,0.07665516
1951.1666333,-15.0075,-21.4129394028016,0.07670776503051509,0.07654103
1951.2500333,-26.047,-21.20063220162206,0.07647120209185428,0.07636068
1951.3333333,-51.3171,-21.2289035996131,0.07636841084520163,0.07624654
1951.4166333,-52.8951,-21.20069668316651,0.07647176584112723,0.07613241
1951.5000333,-43.8578,-21.33353211087028,0.07665356515523468,0.07601827
1951.5833333,-37.8205,-21.39051394338955,0.076693580861718,0.07590414
1951.6666333,-23.8601,-21.20252693604738,0.07648334404546889,0.07579
1951.7500333,-21.2076,10.615134153989635,-0.08135750259028972,-0.0819124
1951.8333333,-15.1705,8.521612374901045,-0.08144976940386094,-0.08179826
1951.9166333,-3.2872,10.74418026524148,-0.08135207133315887,-0.08168413
1952.0000333,5.2113,16.239312480676062,-0.08113773209872384,-0.08156999
1952.0833333,0.7098,20.51298630361422,-0.08098280374195296,-0.08145586
1952.1666333,8.6698,20.768935859748062,-0.08097361999237855,-0.08134172
1952.2500333,16.1681,19.683280573224415,-0.0810125960340365,-0.08117399
1952.3333333,33.6665,22.323097703753476,-0.08091780038368591,-0.08105985
1952.4166333,42.8571,30.270949429577698,-0.08061685849075712,-0.08094572
1952.5000333,36.3552,37.55547843626545,-0.08023747227964674,-0.08083158
1952.5833333,33.8534,39.676407785010696,-0.07999986967616073,-0.08071745
1952.6666333,22.89,39.616971323724194,-0.0800125195953177,-0.08060331
1952.7500333,24.388,9.718212183822661,0.10595864622393242,0.10571549
1952.8333333,31.2706,11.685589358117358,0.1056690973922246,0.10560135
1952.9166333,31.7686,12.121196332783923,0.10556920856592393,0.10548722
1953.0000333,19.651,12.056642196727969,0.10558596090335592,0.10537308
1953.0833333,23.7642,12.214304592346696,0.10554330236312366,0.10525895
1953.1666333,32.0313,12.646226739455312,0.10535489921569538,0.10514482
1953.2500333,29.7596,12.570744031671211,0.10511833627703453,0.10504843
1953.3333333,8.565,12.317898016144488,0.1050155450303817,0.1049343
1953.4166333,0.3704,12.571758250672701,0.10511890002630773,0.10482016
1953.5000333,7.7139,12.690287352206727,0.10530069934041522,0.10470603
1953.5833333,-10.327,12.661240952632294,0.10534071504689797,0.10459189
1953.6666333,-37.9834,12.591695062440923,0.10513047823065431,0.10447776
1953.7500333,-40.4092,-35.75578765296684,-0.011857989768725131,-0.01231148
1953.8333333,-50.8349,-34.16437388009852,-0.011950323154949928,-0.01219734
1953.9166333,-61.1068,-35.84577989073766,-0.011852625084247398,-0.01208321
1954.0000333,-56.6097,-39.14974986435892,-0.011638285849812384,-0.01196907
1954.0833333,-48.9587,-41.082787748404115,-0.011483357493041827,-0.01185494
1954.1666333,-56.5385,-41.18278696613291,-0.011474173743467287,-0.0117408
1954.2500333,-69.1954,-40.74652237135233,-0.011513149785125111,-0.01174349
1954.3333333,-69.3907,-41.752104597133226,-0.01141835413477471,-0.01162936
1954.4166333,-58.5861,-43.54404102247459,-0.011117412241846073,-0.01151522
1954.5000333,-62.0124,-42.338075056831926,-0.010738026030735657,-0.01140109
1954.5833333,-63.4386,-39.6543648398034,-0.010500423427249423,-0.01128695
1954.6666333,-48.1726,-39.830006273336686,-0.010513073346446251,-0.01117282
1954.7500333,-27.9837,-6.194298474688846,0.12046527277893711,0.1206291
1954.8333333,-17.487,0.3075943321122647,0.12017576888220546,0.12051497
1954.9166333,-3.2212,1.9141605882594355,0.12007588005590461,0.12040083
1955.0000333,13.7368,1.6707504251021248,0.12009263239333669,0.1202867
1955.0833333,12.0794,2.2692613573655365,0.12004997385310456,0.12017256
1955.1666333,7.422,4.039551604285653,0.11986157070567596,0.12005843
1955.2500333,12.3029,4.158679504626936,0.11962500776701505,0.12003706
1955.3333333,19.3377,3.4857301267744973,0.11952221652036273,0.11992292
1955.4166333,29.5263,4.161184843789513,0.11962557151628861,0.11980879
1955.5000333,38.5608,4.275527110739944,0.119807370830396,0.11969465
1955.5833333,44.8262,4.11328982751331,0.11984738653687896,0.11958052
1955.6666333,35.8608,4.209736999390179,0.11963714972072219,0.11946638
1955.7500333,39.3567,14.150528552606897,0.08201008211513333,0.08064836
1955.8333333,37.1604,15.138005700853752,0.08172012358341413,0.08053422
1955.9166333,37.2717,15.006478896958203,0.08162023475711351,0.08042009
1956.0000333,38.4597,15.047831650214562,0.08163698709454552,0.08030595
1956.0833333,40.0325,14.926724921076264,0.08159432855431323,0.08019182
1956.1666333,38.6052,13.744991123171372,0.0814059254068849,0.08007768
1956.2500333,49.87,10.714488106676086,0.08116936246822407,0.07987131
1956.3333333,43.1349,8.875624763727837,0.08106657122157129,0.07975717
1956.4166333,45.1689,10.723731742101602,0.08116992621749738,0.07964304
1956.5000333,25.4336,13.203137390792307,0.08135172553160486,0.0795289
1956.5833333,21.6983,13.612008535346392,0.08139174123808753,0.07941477
1956.6666333,12.5014,10.91149817862307,0.08118150442183913,0.07930063
1956.7500333,17.1505,18.391382467467867,0.008007435579203796,0.00672193
1956.8333333,16.9535,18.872343074416253,0.007717718633191753,0.00660779
1956.9166333,15.7564,19.325042584719828,0.007617829806890715,0.00649366
1957.0000333,19.0977,19.241826195697133,0.007634582144322753,0.00637952
1957.0833333,19.0543,19.458715057060157,0.007591923604090741,0.00626539
1957.1666333,20.7033,20.560537036597786,0.007403520456662258,0.00615125
1957.2500333,27.0443,22.033486871132006,0.007166957518001306,0.00613382
1957.3333333,24.6162,22.624501615804327,0.007064166271348783,0.00601968
1957.4166333,32.1112,22.030114002469702,0.0071675212672744895,0.00590555
1957.5000333,27.0674,20.900759206063626,0.00734932058138191,0.00579141
1957.5833333,41.793,20.649160112321496,0.007389336287865086,0.00567728
1957.6666333,44.057,21.960576423570956,0.0071790994717011265,0.00556314
1957.7500333,41.0131,31.697110392751053,0.09702828606804775,0.09641146
1957.8333333,44.0462,34.20325773420559,0.096738638128739,0.09629733
1957.9166333,48.0023,34.7616267066194,0.0966387493024382,0.09618319
1958.0000333,54.6505,34.6776158421313,0.09665550163987027,0.09606906
1958.0833333,57.7604,34.884310178234884,0.09661284309963811,0.09595492
1958.1666333,53.8702,35.541327098543164,0.09642443995220948,0.09584079
1958.2500333,49.5182,35.92293951790242,0.09618787701354858,0.0956936
1958.3333333,38.8587,35.98874812058213,0.09608508576689562,0.09557947
1958.4166333,32.1991,35.92244762571728,0.09618844076282154,0.09546533
1958.5000333,27.6931,35.664938202634936,0.09637024007692904,0.0953512
1958.5833333,19.8795,35.57613480103652,0.09641025578341193,0.09523706
1958.6666333,6.4505,35.91199033465835,0.09620001896716834,0.09512293
1958.7500333,-2.4402,-5.609117499880563,-0.005433117191479521,-0.00444648
1958.8333333,-2.4078,-6.282675829367731,-0.005525366928091994,-0.00433235
1958.9166333,-3.0677,-5.573321565135543,-0.00542766885738958,-0.00421821
1959.0000333,1.1183,-4.487875549209891,-0.005213329622954585,-0.00410408
1959.0833333,1.9967,-4.0320532337643264,-0.0050584012661839435,-0.00398994
1959.1666333,1.6443,-4.011658341482178,-0.005049217516609323,-0.00387581
1959.2500333,-3.7853,-4.102734545349239,-0.005088193558267176,-0.00377459
1959.3333333,-18.7532,-3.9003646766870808,-0.004993397907916906,-0.00366045
1959.4166333,-34.1827,-3.5019267239717022,-0.004692456014987778,-0.00354632
1959.5000333,-37.3816,-2.686743812511004,-0.00431306980387734,-0.00343219
1959.5833333,-56.3497,-1.580571150207144,-0.004075467200391757,-0.00331805
1959.6666333,-64.241,-1.6536055059893928,-0.0040881171195564425,-0.00320392
1959.7500333,-74.9016,-43.83119024087578,0.07414152791657486,0.07454379
1959.8333333,-78.5622,-43.64358380155449,0.07385189999507441,0.07442966
1959.9166333,-72.6843,-42.85786444291758,0.07375201116877343,0.07431552
1960.0000333,-69.8836,-43.0168067798437,0.07376876350620548,0.07420139
1960.0833333,-63.5444,-42.59035437254671,0.07372610496597344,0.07408725
1960.1666333,-55.8975,-39.852167818085604,0.07353770181854492,0.07397312
1960.2500333,-59.8661,-34.53018884886421,0.07330113887988399,0.07388744
1960.3333333,-63.1424,-31.642127528527308,0.07319834763323153,0.07377331
1960.4166333,-49.6495,-34.54514851857344,0.0733017026291573,0.07365917
1960.5000333,-46.003,-38.81064663707828,0.07348350194326472,0.07354504
1960.5833333,-51.741,-39.59030645233945,0.07352351764974784,0.0734309
1960.6666333,-30.3252,-34.85015570718157,0.07331328083354162,0.07331677
1960.7500333,-9.4481,10.702388970200706,-0.025006644452809153,-0.02519558
1960.8333333,11.583,10.171621875401268,-0.02509902808167247,-0.02508144
1960.9166333,24.8448,10.732344439783997,-0.02500133001097023,-0.02496731
1961.0000333,41.7986,11.857692368269666,-0.02478699077653516,-0.02485318
1961.0833333,51.9065,12.53661937621574,-0.024632062419764397,-0.02473904
1961.1666333,52.1681,12.572643182078975,-0.024622878670189655,-0.02462491
1961.2500333,35.0449,12.416380309875379,-0.02466185471184755,-0.02453294
1961.3333333,33.7679,12.780817144154549,-0.024567059061497473,-0.0244188
1961.4166333,44.7216,13.56887979261982,-0.02426611716856851,-0.02430467
1961.5000333,44.2906,13.74078960105805,-0.023886730957458042,-0.02419053
1961.5833333,69.5519,13.367262817490328,-0.023649128353972242,-0.0240764
1961.6666333,71.8132,13.397252328468397,-0.02366177827320097,-0.02396226
1961.7500333,61.6896,12.297203224763575,0.06157137298036049,0.05983016
1961.8333333,50.2585,5.016478415223046,0.06128188856783454,0.05971603
1961.9166333,44.6734,2.537405552765769,0.06118199974153403,0.05960189
1962.0000333,45.9343,2.9463757276504694,0.06119875207896605,0.05948776
1962.0833333,34.7337,1.9118272531532914,0.061156093538733663,0.05937362
1962.1666333,34.7639,-2.2924031551042363,0.06096769039130526,0.05925949
1962.2500333,25.1015,-6.2983694290530305,0.06073112745264443,0.05923752
1962.3333333,29.8239,-7.458931200285919,0.06062833620599178,0.05912339
1962.4166333,29.2385,-6.29095182885609,0.060731691201917376,0.05900925
1962.5000333,28.0375,-3.355597361509525,0.06091349051602482,0.05889512
1962.5833333,23.0674,-2.5779986589475596,0.06095350622250814,0.05878098
1962.6666333,1.1741,-6.136155013947151,0.06074326940632408,0.05866685
1962.7500333,-10.7193,-31.38016376337006,0.027849233897317936,0.02625367
1962.8333333,-15.6896,-35.19429738104718,0.027559322282219186,0.02613954
1962.9166333,-19.8907,-36.30053840722629,0.027459433455918263,0.0260254
1963.0000333,-21.0151,-36.12322387186397,0.02747618579335032,0.02591127
1963.0833333,-29.7548,-36.56808733697677,0.027433527253118227,0.02579713
1963.1666333,-36.2638,-38.264421809437884,0.027245124105689664,0.025683
1963.2500333,-50.3884,-39.75895693098792,0.027008561167028742,0.02546192
1963.3333333,-48.359,-40.187198628668696,0.026905769920376344,0.02534778
1963.4166333,-46.7912,-39.75624013119154,0.027009124916302158,0.02523365
1963.5000333,-49.6852,-38.66966680625905,0.027190924230409558,0.02511951
1963.5833333,-38.8098,-38.37407768192973,0.02723093993689259,0.02500538
1963.6666333,-47.2422,-39.699552669479516,0.027020703120646087,0.02489124
1963.7500333,-50.4441,-25.653970111845478,-0.0079236764177192,-0.00954244
1963.8333333,-37.8766,-24.684795430784003,-0.008015776412058499,-0.0094283
1963.9166333,-28.8476,-25.71026403543909,-0.007918078341356204,-0.00931417
1964.0000333,-16.5111,-27.544581650371185,-0.007703739106921227,-0.00920003
1964.0833333,-11.5592,-28.362042493467182,-0.007548810750150502,-0.0090859
1964.1666333,-6.6073,-28.394485839994996,-0.007539627000575801,-0.00897176
1964.2500333,-0.9633,-28.243924127439033,-0.007578603042233682,-0.00881835
1964.3333333,-0.0116,-28.550418660824082,-0.0074838073918835415,-0.00870422
1964.4166333,0.094,-28.099962018848224,-0.0071828654989545245,-0.00859009
1964.5000333,-1.7238,-24.53043089426986,-0.006803479287844066,-0.00847595
1964.5833333,9.9971,-21.026804243472036,-0.0065658766843583365,-0.00836182
1964.6666333,-4.6668,-21.229000764594872,-0.006578526603486042,-0.00824768
1964.7500333,2.1307,-3.14864760350747,0.059856265968886525,0.06150456
1964.8333333,9.4668,3.155713528786584,0.059566506850515545,0.06139042
1964.9166333,7.7258,5.570513745227254,0.05946661802421509,0.06127629
1965.0000333,16.3693,5.162166544755745,0.059483370361647116,0.06116215
1965.0833333,15.0129,6.203216731648696,0.059440711821414687,0.06104802
1965.1666333,11.9641,10.753717734437862,0.059252308673986245,0.06093388
1965.2500333,4.1458,15.901046702809598,0.059015745735325434,0.06076646
1965.3333333,7.7892,17.781880208925436,0.05891295448867284,0.06065233
1965.4166333,1.6633,15.890032389801325,0.05901630948459849,0.06053819
1965.5000333,-3.1551,12.01099583343909,0.05919810879870592,0.06042406
1965.5833333,-8.2041,11.086100390574,0.05923812450518917,0.06030992
1965.6666333,-18.8687,15.662248023310287,0.05902788768895539,0.06019579
1965.7500333,-11.5334,2.5214868967736486,-0.04744228636730659,-0.04677546
1965.8333333,-15.275,1.2892742296212574,-0.04753449260738455,-0.04666133
1965.9166333,-6.555,2.5900231651525054,-0.04743679453668243,-0.04654719
1966.0000333,5.9339,4.864740479705097,-0.04722245530224738,-0.04643306
1966.0833333,4.6537,6.080593142323476,-0.047067526945476536,-0.04631892
1966.1666333,8.2966,6.143261853900937,-0.04705834319590215,-0.04620479
1966.2500333,12.093,5.870594118173384,-0.047097319237560074,-0.04603874
1966.3333333,8.5819,6.504593202415199,-0.047002523587209424,-0.0459246
1966.4166333,-2.3908,8.036674941617726,-0.04670158169428057,-0.04581047
1966.5000333,4.867,9.72630148455775,-0.046322195483170195,-0.04569633
1966.5833333,-1.8751,11.050405872456459,-0.04608459287968425,-0.0455822
1966.6666333,10.1521,10.972156483309393,-0.04609724279885323,-0.04546806
1966.7500333,15.5636,13.911031906489466,0.14472267328710264,0.14378993
1966.8333333,12.6675,18.164895041262728,0.14443321241075316,0.1436758
1966.9166333,20.6944,19.577571653723044,0.14433332358445253,0.14356166
1967.0000333,24.4904,19.343994210531186,0.1443500759218845,0.14344753
1967.0833333,21.9018,19.93570003152807,0.1443074173816522,0.14333339
1967.1666333,21.8517,22.395946706158487,0.14411901423422388,0.14321926
1967.2500333,13.8013,24.955902138905042,0.143882451295563,0.1431557
1967.3333333,11.9049,25.810864078521938,0.1437796600489102,0.14304156
1967.4166333,30.9315,24.95072704236346,0.1438830150448363,0.14292743
1967.5000333,46.804,23.04389548482244,0.14406481435894375,0.14281329
1967.5833333,50.7536,22.568535350259825,0.1441048300654264,0.14269916
1967.6666333,60.0877,24.843334421785464,0.14389459324920278,0.14258502
1967.7500333,55.4985,7.474273790391973,-0.002994709554014062,-0.00590575
1967.8333333,50.371,6.819446576594241,-0.0030871307274062034,-0.00579162
1967.9166333,43.1665,7.508669712621572,-0.0029894326567042584,-0.00567748
1968.0000333,47.731,8.585875848617425,-0.002775093422269235,-0.00556335
1968.0833333,40.911,8.926546677970467,-0.0026201650654982594,-0.00544921
1968.1666333,32.3986,8.934365997333124,-0.0026109813159237555,-0.00533508
1968.2500333,25.886,8.891546823463875,-0.002649957357581723,-0.00533695
1968.3333333,33.6813,8.951736726478662,-0.0025551617072312642,-0.00522282
1968.4166333,22.3995,8.185567849322378,-0.002254219814302576,-0.00510869
1968.5000333,-6.8056,5.637389714866954,-0.0018748336031921698,-0.00499455
1968.5833333,-20.0105,3.7263471290395893,-0.0016372309997060043,-0.00488042
1968.6666333,-41.8309,3.8249701876986135,-0.0016498809189434368,-0.00476628
1968.7500333,-50.9592,-36.68180463991768,0.0274222705003976,0.02821764
1968.8333333,-56.1644,-39.06364081916509,0.02713266149420866,0.02810351
1968.9166333,-55.908,-39.638651422593504,0.02703277266790785,0.02798937
1969.0000333,-45.6519,-39.551060490350345,0.027049525005339924,0.02787524
1969.0833333,-52.3957,-39.76709974633388,0.02700686646510775,0.0277611
1969.1666333,-50.1395,-40.4464235957758,0.02681846331767911,0.02764697
1969.2500333,-44.8835,-40.667634500448116,0.026581900379018215,0.02763992
1969.3333333,-32.7044,-40.54289035413205,0.02647910913236524,0.02752579
1969.4166333,-38.6791,-40.6679464332614,0.026582464128291163,0.02741165
1969.5000333,-43.9618,-40.55921159274497,0.02676426344239866,0.02729752
1969.5833333,-37.0136,-40.47950028781142,0.02680427914888155,0.02718338
1969.6666333,-48.1423,-40.67346011820285,0.026594042332726643,0.02706925
1969.7500333,-32.5021,-8.128866928817272,0.024265116770701013,0.02578345
1969.8333333,-22.631,-4.950229042978462,0.023975326068183644,0.02566931
1969.9166333,-17.8369,-4.4237685674139176,0.02387543724188307,0.02555518
1970.0000333,-13.0429,-4.489769535484256,0.02389218957931508,0.02544104
1970.0833333,-13.0181,-4.339750254486316,0.023849531039082737,0.02532691
1970.1666333,-6.9165,-4.402970498139778,0.023661127891654376,0.02521277
1970.2500333,-6.5843,-6.16114135230365,0.023424564952993537,0.02500824
1970.3333333,2.748,-7.471285891861905,0.023321773706340816,0.02489411
1970.4166333,1.8495,-6.154820070545758,0.023425128702266956,0.02477997
1970.5000333,-3.1261,-4.642997764262518,0.023606928016374408,0.02466584
1970.5833333,16.3599,-4.456226871469484,0.02364694372285701,0.0245517
1970.6666333,25.2304,-6.027149005047215,0.023436706906621554,0.02443757
1970.7500333,35.7161,39.609382583169406,-0.08001404694246321,-0.08018624
1970.8333333,31.4327,38.987185035918735,-0.08010625106890278,-0.0800721
1970.9166333,28.5339,39.63626465034143,-0.08000855299820078,-0.07995797
1971.0000333,33.7117,39.79511060315959,-0.07979421376376576,-0.07984383
1971.0833333,28.0435,38.87823416157424,-0.07963928540699483,-0.0797297
1971.1666333,28.0676,38.79888527624653,-0.07963010165742038,-0.07961556
1971.2500333,23.3991,39.11712886163785,-0.07966907769907834,-0.07941706
1971.3333333,29.7308,38.26077377739766,-0.07957428204872782,-0.07930293
1971.4166333,30.0623,33.98771338389634,-0.0792733401557991,-0.07918879
1971.5000333,11.2398,26.961364366137474,-0.0788939539446887,-0.07907466
1971.5833333,-2.8133,22.91692534006198,-0.07865635134120262,-0.07896052
1971.6666333,-31.0973,23.109599150896752,-0.07866900126035971,-0.07884639
1971.7500333,-33.5353,-18.410095294982003,0.12314073292671865,0.12253673
1971.8333333,-36.5117,-24.43792976872563,0.12285121781578408,0.12242259
1971.9166333,-33.1805,-26.57184722281911,0.12275132898948334,0.12230846
1972.0000333,-33.5418,-26.216353543573454,0.12276808132691543,0.12219432
1972.0833333,-36.6722,-27.118468662322172,0.12272542278668322,0.12208019
1972.1666333,-29.8026,-30.895892671949127,0.12253701963925498,0.12196605
1972.2500333,-32.7026,-34.74570650330998,0.1223004567005941,0.12183923
1972.3333333,-28.1408,-35.95715460853774,0.1221976654539412,0.1217251
1972.4166333,-39.1946,-34.73818860075725,0.12230102044986718,0.12161096
1972.5000333,-61.4793,-31.886485052420156,0.12248281976397467,0.12149683
1972.5833333,-53.1485,-31.160300267997616,0.12252283547045749,0.12138269
1972.6666333,-35.3562,-34.58179175289979,0.1223125986542134,0.12126856
1972.7500333,-11.4103,-13.054359736043416,-0.02971587186893101,-0.03041238
1972.8333333,-12.0028,-13.317990486845794,-0.029808283280626933,-0.03029825
1972.9166333,-6.5953,-13.026904493876888,-0.029710585209924464,-0.03018411
1973.0000333,-0.3419,-10.866183084603932,-0.02949624597548946,-0.03006998
1973.0833333,3.4501,-8.187066850492185,-0.02934131761871886,-0.02995585
1973.1666333,4.5498,-8.003710519369331,-0.029332133869144274,-0.02984171
1973.2500333,-2.5816,-8.764360520123656,-0.029371109910802114,-0.02982093
1973.3333333,1.0564,-6.837991607705742,-0.029276314260451783,-0.02970679
1973.4166333,6.2327,0.5407697040279076,-0.028975372367523206,-0.02959266
1973.5000333,7.0243,10.361402938369576,-0.02859598615641278,-0.02947852
1973.5833333,17.5852,15.438497695437576,-0.028358383552926466,-0.02936439
1973.6666333,2.5306,15.203028215155253,-0.028371033472134558,-0.02925025
1973.7500333,-6.1396,32.54312140794619,0.0945425585801861,0.09573031
1973.8333333,-17.5019,29.926459801991733,0.09425306021386244,0.09561618
1973.9166333,-10.0182,28.862063050787672,0.09415317138756152,0.09550204
1974.0000333,4.8499,29.045099716915345,0.09416992372499358,0.09538791
1974.0833333,8.1797,28.57585807095927,0.0941272651847615,0.09527377
1974.1666333,1.6632,26.413359375585323,0.09393886203733294,0.09515964
1974.2500333,9.9927,23.689553845474634,0.09370229909867202,0.09513305
1974.3333333,12.5531,22.591002454887263,0.09359950785201962,0.09501892
1974.4166333,20.8057,23.69578988087544,0.09370286284794543,0.09490478
1974.5000333,25.212,25.77918220351185,0.09388466216205284,0.09479065
1974.5833333,29.6952,26.247415227779836,0.09392467786853588,0.09467651
1974.6666333,31.9477,23.824291907703827,0.09371444105237221,0.09456238
1974.7500333,39.9692,19.39481669880599,0.046909480882200726,0.04808815
1974.8333333,44.4523,17.44490185988347,0.04661952595813685,0.04797401
1974.9166333,54.8584,16.781338895422355,0.046519637131836156,0.04785988
1975.0000333,52.1874,16.894151621272282,0.04653638946926815,0.04774574
1975.0833333,39.978,16.60519926258638,0.046493730929035894,0.04763161
1975.1666333,26.5378,15.23338187138707,0.04630532778160761,0.04751747
1975.2500333,36.9435,13.168539222388084,0.046068764842946745,0.04731451
1975.3333333,15.734,12.121996698544535,0.045965973596293896,0.04720038
1975.4166333,10.2936,13.174017718291006,0.046069328592219926,0.04708624
1975.5000333,16.4684,14.79916713999336,0.0462511279063274,0.04697211
1975.5833333,-9.049,15.121746553637275,0.04629114361281015,0.04685797
1975.6666333,-21.028,13.285910376786058,0.04608090679657406,0.04674384
1975.7500333,-27.5456,-20.100055328097262,0.029781314132269428,0.0298492
1975.8333333,-26.8324,-16.768899408658502,0.029491658249690765,0.02973507
1975.9166333,-23.8885,-16.114636848225953,0.029391769423390304,0.02962093
1976.0000333,-25.0987,-16.205330803105852,0.029408521760822332,0.0295068
1976.0833333,-24.1549,-15.989659213684764,0.02936586322058991,0.02939266
1976.1666333,-29.5189,-15.641116172811248,0.02917746007316147,0.02927853
1976.2500333,-40.7292,-16.547903784291954,0.028940897134500657,0.02924274
1976.3333333,-60.1702,-17.361127524924072,0.028838105887848065,0.02912861
1976.4166333,-45.842,-16.544095086745482,0.028941460883773713,0.02901447
1976.5000333,-51.6679,-15.72117587603328,0.029123260197881144,0.02890034
1976.5833333,-79.4167,-15.6544306505311,0.029163275904364398,0.0287862
1976.6666333,-75.2425,-16.467508873627693,0.028953039088201602,0.02867207
1976.7500333,-69.7609,-45.892635107428845,0.11632684500512408,0.11543264
1976.8333333,-70.2791,-41.74385038362332,0.11603714402860203,0.11531851
1976.9166333,-66.7205,-39.90816894306461,0.11593725520230116,0.11520437
1977.0000333,-58.7775,-40.22963784559644,0.11595400753973324,0.11509024
1977.0833333,-59.6036,-39.4005657179726,0.11591134899950112,0.1149761
1977.1666333,-62.8144,-35.35248930302553,0.11572294585207253,0.11486197
1977.2500333,-61.0254,-29.545558845445758,0.11548638291341162,0.1147027
1977.3333333,-42.4671,-26.855253662058754,0.1153835916667593,0.11458856
1977.4166333,-32.9088,-29.560107381625624,0.11548694666268516,0.11447443
1977.5000333,-40.2738,-34.08345535750269,0.11566874597679257,0.11436029
1977.5833333,-43.3311,-35.02446784004017,0.11570876168327554,0.11424616
1977.6666333,-42.5422,-29.858314050762118,0.11549852486702301,0.11413202
1977.7500333,-42.3689,-26.406867623960657,-0.009774760875842343,-0.01017269
1977.8333333,-50.8109,-28.168662952923853,-0.009866989389051025,-0.01005855
1977.9166333,-53.6376,-26.304605305596425,-0.009769291318348677,-0.00994442
1978.0000333,-50.2337,-22.596694488575164,-0.00955495208391369,-0.00983028
1978.0833333,-54.7528,-20.414912274779734,-0.009400023727143004,-0.00971615
1978.1666333,-37.8104,-20.301827716470324,-0.00939083997756834,-0.00960201
1978.2500333,-28.9452,-20.794951494370547,-0.009429816019226208,-0.00948463
1978.3333333,-20.5414,-19.657092379236396,-0.009335020368876007,-0.0093705
1978.4166333,-12.8299,-17.552056423579373,-0.009034078475946939,-0.00925636
1978.5000333,-15.5033,-18.261168553817544,-0.00865469226483649,-0.00914223
1978.5833333,-13.3305,-20.240674486164036,-0.008417089661350827,-0.00902809
1978.6666333,-8.6192,-20.114671682147815,-0.008429739580507143,-0.00891396
1978.7500333,-13.3697,-23.95837367492423,0.07742823338901957,0.0781993
1978.8333333,-14.3508,-22.60530545458982,0.07713855655212262,0.07808517
1978.9166333,-6.6397,-22.243105961913233,0.07703866772582159,0.07797103
1979.0000333,11.225,-22.300238875802513,0.07705542006325364,0.0778569
1979.0833333,17.1668,-22.157599080425673,0.07701276152302164,0.07774276
1979.1666333,23.1854,-21.639631914148485,0.07682435837559316,0.07762863
1979.2500333,8.7423,-21.260769904132594,0.07658779543693221,0.07756027
1979.3333333,-12.0854,-21.202868037593486,0.07648500419027969,0.07744613
1979.4166333,-12.8361,-21.261279444365787,0.0765883591862054,0.077332
1979.5000333,-31.3564,-21.525015245917757,0.07677015850031282,0.07721786
1979.5833333,-38.2611,-21.608116836007834,0.07681017420679602,0.07710373
1979.6666333,-52.3967,-21.272188697960193,0.07659993739057422,0.07698959
1979.7500333,-49.994,-60.31878460626059,-0.05966706298545115,-0.0566162
1979.8333333,-46.2066,-58.30523784154323,-0.0597594381582697,-0.05650206
1979.9166333,-39.8038,-60.424584361534755,-0.05966174008756753,-0.05638793
1980.0000333,-31.6321,-63.658305314088416,-0.059447400853132465,-0.05627379
1980.0833333,-43.8449,-64.63549716380743,-0.05929247249636165,-0.05615966
1980.1666333,-47.9808,-64.65541999477931,-0.0592832887467873,-0.05604552
1980.2500333,-47.1169,-64.54123554840687,-0.05932226478844521,-0.05595624
1980.3333333,-43.9452,-64.68341002284562,-0.05922746913809521,-0.05584211
1980.4166333,-27.1582,-62.08993847737271,-0.0589265272451663,-0.05572797
1980.5000333,-21.6022,-52.88813361555373,-0.058547141034055825,-0.05561384
1980.5833333,1.1847,-44.72954202011133,-0.05830953843056994,-0.0554997
1980.6666333,8.9716,-45.193281546708505,-0.058322188349787106,-0.05538557
1980.7500333,14.6813,20.00503982182558,0.041031254675551396,0.04083388
1980.8333333,16.3911,20.0293968223967,0.040741734961822054,0.04071975
1980.9166333,28.4085,20.14216004365645,0.04064184613552148,0.04060561
1981.0000333,35.6565,20.120791245197537,0.040658598472953486,0.04049148
1981.0833333,43.5969,20.176696672527747,0.04061593993272115,0.04037734
1981.1666333,47.5373,20.446730034509145,0.04042753678529279,0.04026321
1981.2500333,43.0158,20.633353082380303,0.04019097384663195,0.04022874
1981.3333333,45.1868,20.57287165033882,0.040088182599979226,0.04011461
1981.4166333,63.2039,20.63338005020562,0.04019153759590536,0.04000047
1981.5000333,59.9131,20.51567366167129,0.04037333691001281,0.03988634
1981.5833333,45.4686,20.465666129643864,0.04041335261649542,0.0397722
1981.6666333,21.947,20.63327871799218,0.040203115800306014,0.03965807
1981.7500333,27.9638,0.20002469868371264,0.03345371901043013,0.03215522
1981.8333333,35.8267,0.9237840037100096,0.033163883996701296,0.03204109
1981.9166333,38.9973,0.38635863665915693,0.03306399517040031,0.03192695
1982.0000333,34.7062,0.5048182361628357,0.03308074750783236,0.03181282
1982.0833333,26.7998,0.1808778209296129,0.03303808896760031,0.03169868
1982.1666333,21.8163,-2.103492343142972,0.032849685820171795,0.03158455
1982.2500333,13.3712,-6.73650812712226,0.03261312288151086,0.03134646
1982.3333333,4.7723,-9.242730425943218,0.03251033163485839,0.03123232
1982.4166333,-7.3652,-6.723478159433428,0.03261368663078414,0.03111819
1982.5000333,-20.8105,-3.0046381480697297,0.03279548594489155,0.03100405
1982.5833333,-6.1788,-2.329328155822319,0.032835501651374666,0.03088992
1982.6666333,-9.7779,-6.457734222514631,0.03262526483514834,0.03077578
1982.7500333,-1.9157,3.1334889728133355,0.04368530668125673,0.04265431
1982.8333333,-6.5919,8.190925484700744,0.04339566535025574,0.04254018
1982.9166333,-8.7297,10.006705112503706,0.043295776523954985,0.04242604
1983.0000333,-3.3292,9.70297578481503,0.04331252886138707,0.04231191
1983.0833333,2.3022,10.474885348517663,0.043269870321154855,0.04219777
1983.1666333,6.0104,13.76773395825813,0.043081467173726615,0.04208364
1983.2500333,3.1799,17.37725951125007,0.042844904235065734,0.04201661
1983.3333333,27.8111,18.68209105029358,0.042742112988412816,0.04190247
1983.4166333,36.5961,17.36961463419481,0.04284546798433879,0.04178834
1983.5000333,44.8424,14.658329728321277,0.043027267298446276,0.0416742
1983.5833333,25.7811,14.003871626686244,0.0430672830049291,0.04156007
1983.6666333,-6.3572,17.211474509721462,0.04285704618878763,0.04144593
1983.7500333,-8.8803,-23.664101078869336,0.07737291339926862,0.07776872
1983.8333333,-12.0956,-22.397825987388874,0.0770831025095097,0.07765459
1983.9166333,-11.3879,-22.06428003708097,0.07698321368320918,0.07754045
1984.0000333,-3.9881,-22.116637953614717,0.0769999660206412,0.07742632
1984.0833333,-8.6651,-21.98614629672875,0.07695730748040883,0.07731218
1984.1666333,-7.0345,-21.522550644916663,0.07676890433298043,0.07719805
1984.2500333,-9.7887,-21.220705262299447,0.07653234139431961,0.07702058
1984.3333333,-18.389,-21.20233190358516,0.07642955014766696,0.07690645
1984.4166333,-46.0662,-21.221010355587374,0.07653290514359255,0.07679231
1984.5000333,-47.1283,-21.424328461401963,0.0767147044577,0.07667818
1984.5833333,-53.8826,-21.49527546693457,0.07675472016418333,0.07656404
1984.6666333,-58.7139,-21.22774801866747,0.07654448334794273,0.07644991
1984.7500333,-47.3146,-4.762694683894087,-0.056603053374086186,-0.05632773
1984.8333333,-39.4536,-4.699609998010498,-0.056695298593958394,-0.0562136
1984.9166333,-33.9004,-4.7731468366667995,-0.05659760052325634,-0.05609946
1985.0000333,-27.0398,-5.6830971539301665,-0.0563832612888213,-0.05598533
1985.0833333,-30.7175,-6.800484837355813,-0.0562283329320504,-0.05587119
1985.1666333,-22.8568,-6.874899478173283,-0.056219149182475975,-0.05575706
1985.2500333,-24.6886,-6.564394256841396,-0.05625812522413391,-0.05557604
1985.3333333,-22.7511,-7.341511731596871,-0.05616332957378333,-0.0554619
1985.4166333,-16.2752,-10.039086299929668,-0.05586238768085454,-0.05534777
1985.5000333,1.2775,-12.969967726024333,-0.05548300146974415,-0.05523363
1985.5833333,0.9841,-14.196911321266306,-0.05524539886625812,-0.0551195
1985.6666333,-21.3863,-14.143982194181804,-0.055258048785439225,-0.05500536
1985.7500333,-14.1416,-37.38816798830206,0.12188781690531512,0.12119462
1985.8333333,-20.2044,-35.31831131587366,0.12159834400608778,0.12108049
1985.9166333,-21.8057,-33.83999677193879,0.1214984551797871,0.12096635
1986.0000333,-18.5612,-34.11380393834988,0.12151520751721909,0.12085222
1986.0833333,-22.2395,-33.39667503915758,0.12147254897698684,0.12073808
1986.1666333,-16.918,-29.499412195508967,0.12128414582955857,0.12062395
1986.2500333,-18.7505,-23.26352232199955,0.1210475828908977,0.12056108
1986.3333333,-17.8905,-20.252517154521925,0.12094479164424486,0.12044694
1986.4166333,-6.1845,-23.27966883440597,0.1210481466401709,0.12033281
1986.5000333,0.829,-28.18298811437514,0.12122994595427838,0.12021867
1986.5833333,-7.6959,-29.162461860159848,0.12126996166076115,0.12010454
1986.6666333,-20.6054,-23.610231216622388,0.12105972484455085,0.1199904
1986.7500333,-8.2075,6.49573105810175,-0.0019852034630142637,-0.00129148
1986.8333333,-2.0402,7.156292110323681,-0.002077651218126347,-0.00117735
1986.9166333,5.2039,6.4563459965416055,-0.0019799531474238258,-0.00106321
1987.0000333,13.3709,4.752635270567475,-0.0017656139129888129,-0.00094908
1987.0833333,16.4611,3.5220608727612905,-0.0016106855562182491,-0.00083494
1987.1666333,24.5512,3.4523145928912267,-0.0016015018066437017,-0.00072081
1987.2500333,15.2565,3.7515872853118353,-0.0016404778483015282,-0.00069963
1987.3333333,13.5772,3.040462501736078,-0.00154568219795114,-0.00058549
1987.4166333,10.6672,1.3735355018533477,-0.001244740305022512,-0.00047136
1987.5000333,2.68,1.3151060414192859,-0.0008653540939120943,-0.00035722
1987.5833333,-7.6917,2.6483478926404214,-0.0006277514904258488,-0.00024309
1987.6666333,-4.2942,2.5520868165163275,-0.0006404014096554284,-0.00012895
1987.7500333,7.4876,7.7403236975952145,0.05937777863542195,0.06036869
1987.8333333,10.0389,14.428578434134621,0.05908824401569724,0.06025456
1987.9166333,10.4362,16.427401771922924,0.058988355189396366,0.06014042
1988.0000333,9.9102,16.10753795780167,0.05900510752682843,0.06002629
1988.0833333,13.615,16.908859646933895,0.0589624489865963,0.05991215
1988.1666333,7.9353,19.870795759323432,0.058774045839167705,0.05979802
1988.2500333,1.9476,22.041907137800184,0.058537482900506796,0.05975661
1988.3333333,10.4215,22.4034088606832,0.058434691653854454,0.05964248
1988.4166333,17.6646,22.038941556911208,0.058538046649780316,0.05952834
1988.5000333,22.3691,20.528873252726818,0.058719845963887705,0.05941421
1988.5833333,28.7659,20.051892173346587,0.05875986167037068,0.05930007
1988.6666333,36.0858,21.975662209953008,0.05854962485421914,0.05918594
1988.7500333,37.79,40.110332631454284,0.011176728773154322,0.01228379
1988.8333333,43.4175,49.65710653551914,0.010886872414763559,0.01216965
1988.9166333,51.1218,52.28413932456333,0.010786983588462919,0.01205552
1989.0000333,54.749,51.871598364706934,0.010803735925894918,0.01194138
1989.0833333,73.2224,52.8988858673477,0.010761077385662622,0.01182725
1989.1666333,71.0804,56.46768837643226,0.010572674238234304,0.01171311
1989.2500333,74.8613,58.531227596593,0.01033611129957345,0.01150334
1989.3333333,80.6422,58.56449475267248,0.01023332005292066,0.01138921
1989.4166333,81.8847,58.52961112482281,0.01033667504884674,0.01127507
1989.5000333,66.5884,57.18444541099496,0.010518474362954203,0.01116094
1989.5833333,63.3692,56.66905757028264,0.010558490069436884,0.0110468
1989.6666333,71.3807,58.49292628535338,0.010348253253192457,0.01093267
1989.7500333,73.1612,36.20232522142261,-0.08032858371428149,-0.08060792
1989.8333333,63.7111,34.55860309116327,-0.08042071213842568,-0.08049379
1989.9166333,63.0301,36.293064116666045,-0.08032301406772374,-0.08037965
1990.0000333,68.8104,38.96649787447345,-0.08010867483328872,-0.08026552
1990.0833333,69.6678,39.84150534870431,-0.07995374647651775,-0.08015138
1990.1666333,61.3713,39.86472029558371,-0.07994456272694325,-0.08003725
1990.2500333,58.0745,39.744125062496614,-0.07998353876860123,-0.07981319
1990.3333333,57.3933,39.93719153313011,-0.07988874311825078,-0.07969905
1990.4166333,40.1735,38.39971699811407,-0.07958780122532211,-0.07958492
1990.5000333,25.1843,32.84467564967468,-0.0792084150142117,-0.07947078
1990.5833333,21.8874,28.39806859269373,-0.07897081241072554,-0.07935665
1990.6666333,0.9752,28.637108832335706,-0.07898346232988018,-0.07924251
1990.7500333,-24.9373,-32.10063324103972,0.10905691039293487,0.10930252
1990.8333333,-36.0035,-34.78420900257485,0.10876736921401459,0.10918839
1990.9166333,-31.7621,-35.18446493997606,0.10866748038771377,0.10907425
1991.0000333,-29.6747,-35.13821356452496,0.10868423272514585,0.10896012
1991.0833333,-32.5873,-35.23905985724272,0.10864157418491369,0.10884598
1991.1666333,-32.4999,-35.00292710583023,0.10845317103748506,0.10873185
1991.2500333,-36.6434,-33.128670621252134,0.10821660809882416,0.1086128
1991.3333333,-51.0946,-31.798090315487542,0.10811381685217189,0.10849866
1991.4166333,-60.9304,-33.135146228837684,0.10821717184809782,0.10838453
1991.5000333,-47.8434,-34.72661589631002,0.10839897116220532,0.1082704
1991.5833333,-37.5255,-34.93959530993455,0.10843898686868822,0.10815626
1991.6666333,-30.8231,-33.2661013480733,0.10822875005244414,0.10804213
1991.7500333,-17.5055,-36.18670925131832,-0.04937436647072887,-0.04886628
1991.8333333,-14.6493,-36.96008518237473,-0.04946679041563793,-0.04875215
1991.9166333,-16.7162,-36.13570280043691,-0.04936909234493553,-0.04863801
1992.0000333,-17.6296,-33.44758981851703,-0.049154753110500535,-0.04852388
1992.0833333,-18.4659,-30.803134376348385,-0.04899982475372989,-0.04840974
1992.1666333,-17.7637,-30.629706097764487,-0.04899064100415526,-0.04829561
1992.2500333,-28.908,-31.353477582017256,-0.049029617045813115,-0.04826314
1992.3333333,-37.0522,-29.538826538541528,-0.04893482139546285,-0.048149
1992.4166333,-41.1964,-22.775343972292998,-0.048633879502533735,-0.04803487
1992.5000333,-47.3408,-13.287857219397875,-0.0482544932914233,-0.04792074
1992.5833333,-42.639,-7.648000923905924,-0.0480168906879377,-0.0478066
1992.6666333,-49.7834,-7.932719288458172,-0.04802954060714135,-0.04769247
1992.7500333,-58.1587,-43.48750834149516,0.07382751254035631,0.0756265
1992.8333333,-66.1494,-39.8578877554792,0.07353801634760956,0.07551236
1992.9166333,-60.4478,-37.85479266700382,0.07343812752130859,0.07539823
1993.0000333,-46.3618,-38.21645804970441,0.07345487985874063,0.07528409
1993.0833333,-37.8141,-37.275637817710546,0.0734122213185086,0.07516996
1993.1666333,-32.4204,-32.38639337692496,0.07322381817108009,0.07505582
1993.2500333,-44.4884,-24.876747402712105,0.07298725523241915,0.07499765
1993.3333333,-48.4025,-21.300649247842887,0.07288446398576669,0.07488351
1993.4166333,-54.8551,-24.89597605206494,0.07298781898169245,0.07476938
1993.5000333,-45.154,-30.781556364252623,0.07316961829579986,0.07465524
1993.5833333,-36.6836,-31.974140863141283,0.07320963400228299,0.07454111
1993.6666333,-54.4441,-25.28979242595786,0.07299939718611112,0.07442697
1993.7500333,-51.974,-35.683105705884735,0.02751647677149263,0.02971636
1993.8333333,-50.1961,-38.40730613453319,0.027226575360524665,0.02960223
1993.9166333,-34.8798,-39.101602111213296,0.02712668653422391,0.02948809
1994.0000333,-36.0252,-38.99401937549646,0.027143438871655993,0.02937396
1994.0833333,-45.5552,-39.260941754586035,0.027100780331423782,0.02925982
1994.1666333,-56.7775,-40.16367988858432,0.026912377183995546,0.02914569
1994.2500333,-64.6154,-40.664104449911534,0.02667581424533466,0.02893842
1994.3333333,-59.6071,-40.6621897304925,0.026573022998681743,0.02882429
1994.4166333,-50.368,-40.66374719389303,0.026676377994607713,0.02871015
1994.5000333,-33.8215,-40.340380738010786,0.0268581773087152,0.02859602
1994.5833333,-25.4288,-40.2134924073712,0.026898193015198028,0.02848188
1994.6666333,-22.9591,-40.655525489204905,0.026687956198972292,0.02836775
1994.7500333,-0.182,16.42996597879559,0.04646829374551433,0.04794268
1994.8333333,3.5952,14.184071360094634,0.04617865011676566,0.04782855
1994.9166333,8.3724,13.265265732924455,0.046078761290465134,0.04771441
1995.0000333,7.534,13.425381204811568,0.04609551362789715,0.04760028
1995.0833333,8.5418,13.012761348474472,0.04605285508766477,0.04748614
1995.1666333,6.7803,10.995817177031434,0.04586445194023637,0.04737201
1995.2500333,9.8648,8.053385636362272,0.04562788900157554,0.04736263
1995.3333333,22.1032,6.671471851070842,0.04552509775492288,0.04724849
1995.4166333,19.2647,8.060833494213346,0.04562845275084847,0.04713436
1995.5000333,6.8105,10.358404508688874,0.04581025206495591,0.04702022
1995.5833333,-13.182,10.831360609673522,0.045850267771439246,0.04690609
1995.6666333,-33.5592,8.213424096131892,0.04564003095526354,0.04679195
1995.7500333,-45.1674,-37.27043861238938,0.1120046993399574,0.11069933
1995.8333333,-61.6985,-35.456582005333566,0.11171495432937258,0.11058519
1995.9166333,-66.3066,-34.250441449303814,0.11161506550307165,0.11047106
1996.0000333,-57.6073,-34.4701526027344,0.11163181784050372,0.11035693
1996.0833333,-61.5232,-33.89792251177517,0.11158915930027163,0.11024279
1996.1666333,-65.8238,-30.947689250399943,0.11140075615284309,0.11012866
1996.2500333,-69.5093,-26.70184943463764,0.11116419321418217,0.10994983
1996.3333333,-69.1946,-24.84854358071598,0.11106140196752977,0.10983569
1996.4166333,-83.4185,-26.712134693196244,0.11116475696345558,0.10972156
1996.5000333,-86.2579,-30.00506554908329,0.11134655627756299,0.10960742
1996.5833333,-79.0203,-30.703973767373228,0.11138657198404604,0.10949329
1996.6666333,-63.1674,-26.923506796352815,0.11117633516779366,0.10937915
1996.7500333,-37.3917,6.494644652383038,-0.043286172436276214,-0.04371362
1996.8333333,-26.0004,7.185948964686862,-0.043378435318261827,-0.04359948
1996.9166333,-24.6092,6.457948646463587,-0.04328073724755954,-0.04348535
1997.0000333,-24.8336,5.410670729912484,-0.04306639801312457,-0.04337121
1997.0833333,-35.7502,5.1762926701085465,-0.04291146965635384,-0.04325708
1997.1666333,-30.2054,5.1765692310081555,-0.04290228590677913,-0.04314294
1997.2500333,-10.353,5.186279957519134,-0.04294126194843701,-0.0429977
1997.3333333,-4.3467,5.2119750032842385,-0.04284646629808688,-0.04288357
1997.4166333,-10.1097,6.326314565881649,-0.042545524405157874,-0.04276943
1997.5000333,-5.4883,9.261865476615384,-0.042166138194047416,-0.0426553
1997.5833333,2.4409,11.271143462804432,-0.04192853559056167,-0.04254116
1997.6666333,16.37,11.170892238592222,-0.04194118550972257,-0.04242703
1997.7500333,12.0682,17.618875210141738,0.05470509150386173,0.056479
1997.8333333,1.5357,22.949191603967297,0.054415412507451286,0.05636487
1997.9166333,-1.3815,24.89526502270725,0.05431552368115082,0.05625073
1998.0000333,9.855,24.565674252927817,0.05433227601858285,0.0561366
1998.0833333,25.7838,25.40726234949853,0.05428961747835043,0.05602246
1998.1666333,37.5588,29.195226728323448,0.05410121433092199,0.05590833
1998.2500333,21.1028,33.98647769340601,0.05386465139226118,0.05582562
1998.3333333,16.9545,36.016208988821404,0.05376186014560858,0.05571148
1998.4166333,16.4216,33.97520347305779,0.05386521514153422,0.05559735
1998.5000333,26.8885,30.29703306789215,0.054047014455641654,0.05548321
1998.5833333,32.3555,29.483374894913954,0.05408703016212492,0.05536908
1998.6666333,33.5147,33.74338058819808,0.05387679334590488,0.05525494
1998.7500333,23.5968,-23.329887088928075,-0.09477294997867305,-0.09066131
1998.8333333,24.8329,-24.00599189649767,-0.09486529811497825,-0.09054718
1998.9166333,23.4535,-23.288456585842155,-0.09476760004427615,-0.09043304
1999.0000333,26.0739,-21.41425295460002,-0.0945532608098411,-0.09031891
1999.0833333,18.079,-19.804803108296674,-0.09439833245307025,-0.09020477
1999.1666333,1.9302,-19.70331182065132,-0.09438914870349586,-0.09009064
1999.2500333,-5.5265,-20.12961846485795,-0.0944281247451538,-0.09000053
1999.3333333,4.0938,-19.073399026317464,-0.09433332909480317,-0.08988639
1999.4166333,-12.1321,-15.41081394122601,-0.09403238720187433,-0.08977226
1999.5000333,-6.7428,-10.933259149452669,-0.09365300099076396,-0.08965812
1999.5833333,-2.4303,-8.847582704101985,-0.093415398387278,-0.08954399
1999.6666333,0.7282,-8.936827679200258,-0.09342804830647822,-0.08942985
1999.7500333,-3.6519,-24.869544139309745,0.0654167926160122,0.06492204
1999.8333333,-11.4165,-23.226753307877335,0.06512729839132092,0.06480791
1999.9166333,-4.5658,-22.540307125431188,0.06502740956502029,0.06469377
2000.0000333,9.977,-22.66087109434971,0.0650441619024523,0.06457964
2000.0833333,14.9045,-22.34920467350455,0.06500150336222,0.0644655
2000.1666333,13.2165,-20.765331283301876,0.0648131002147917,0.06435137
2000.2500333,1.3745,-18.178397206681893,0.06457653727613084,0.06428061
2000.3333333,-11.0827,-16.804271505530643,0.06447374602947806,0.06416647
2000.4166333,-11.0785,-18.185488256812512,0.06457710102540413,0.06405234
2000.5000333,-14.3053,-20.23738147323075,0.06475890033951161,0.0639382
2000.5833333,-22.2243,-20.63058143468312,0.0647989160459943,0.06382407
2000.6666333,-33.9126,-18.330077780265327,0.0645886792297964,0.06370993
2000.7500333,-52.678,-24.035534756527785,0.03462281483327633,0.03528223
2000.8333333,-53.751,-16.99191394917175,0.034332991610685405,0.0351681
2000.9166333,-38.2087,-14.487780211792774,0.03423310278438436,0.03505396
2001.0000333,-41.7435,-14.906773987349426,0.03424985512181639,0.03493983
2001.0833333,-48.2782,-13.841692960520037,0.03420719658158439,0.03482569
2001.1666333,-39.0437,-9.286144324540343,0.03401879343415591,0.03471156
2001.2500333,-41.0403,-4.295918260121566,0.033782230495494954,0.0344874
2001.3333333,-10.4982,-2.529077442953297,0.03367943924884242,0.03437326
2001.4166333,6.0438,-4.3063846191325865,0.03378279424476811,0.03425913
2001.5000333,10.0471,-8.051296265158168,0.03396459355887554,0.034145
2001.5833333,30.5889,-8.958761432032396,0.03400460926535873,0.03403086
2001.6666333,53.2846,-4.523095138292987,0.03379437244913565,0.03391673
2001.7500333,54.8262,20.768388331251916,0.0586979435747074,0.05958659
2001.8333333,61.4448,22.438954032142316,0.0584083199379694,0.05947246
2001.9166333,66.448,22.36595923395083,0.05830843111166858,0.05935832
2002.0000333,68.0664,22.400794092150385,0.05832518344910065,0.05924419
2002.0833333,71.3002,22.294540937201713,0.05828252490886848,0.05913005
2002.1666333,71.3802,21.168764768623866,0.05809412176143985,0.05901592
2002.2500333,56.9983,18.47236461809879,0.057857558822778946,0.05897362
2002.3333333,60.0012,16.969969601019855,0.057754767576126666,0.05885949
2002.4166333,29.3887,18.48014725585805,0.05785812257205258,0.05874535
2002.5000333,22.6221,20.66351227597345,0.05803992188616008,0.05863122
2002.5833333,10.9325,21.04377484791828,0.05807993759264298,0.05851708
2002.6666333,-18.3725,18.63876651468545,0.05786970077649244,0.05840295
2002.7500333,-36.7547,-24.555823721011514,0.06535556082483761,0.06472849
2002.8333333,-41.9059,-22.812532609620003,0.0650657000685722,0.06461435
2002.9166333,-37.288,-22.07620953665355,0.06496581124227162,0.06450022
2003.0000333,-29.9781,-22.205778379995227,0.06498256357970364,0.06438608
2003.0833333,-30.7449,-21.870662545123245,0.06493990503947131,0.06427195
2003.1666333,-28.7426,-20.162518615158465,0.06475150189204296,0.06415781
2003.2500333,-23.5097,-17.37459830927093,0.06451493895338212,0.06398637
2003.3333333,-27.7382,-15.900851872287058,0.0644121477067294,0.06387224
2003.4166333,-27.5053,-17.382218908075643,0.06451550270265553,0.0637581
2003.5000333,-12.2726,-19.592653847896,0.06469730201676299,0.06364397
2003.5833333,-5.5782,-20.017057356001697,0.06473731772324562,0.06352984
2003.6666333,0.1161,-17.537638534738797,0.06452708090700016,0.0634157
2003.7500333,11.3486,39.296724164463015,-0.08006624108284689,-0.07974706
2003.8333333,11.5813,38.49264688748707,-0.08015850398921522,-0.07963292
2003.9166333,21.2755,39.3341078261737,-0.08006080591851324,-0.07951879
2004.0000333,28.1232,39.91432783676526,-0.07984646668407822,-0.07940465
2004.0833333,22.5095,39.27812314446973,-0.07969153832730728,-0.07929052
2004.1666333,17.9727,39.21430878609064,-0.07968235457773282,-0.07917638
2004.2500333,17.9742,39.465660367812546,-0.07972133061939078,-0.07901867
2004.3333333,12.5142,38.76735455801037,-0.07962653496904028,-0.07890454
2004.4166333,18.8234,34.864173483903194,-0.07932559307611155,-0.0787904
2004.5000333,30.8246,27.934731396936613,-0.07894620686500116,-0.07867627
2004.5833333,40.5952,23.732437559326787,-0.07870860426151506,-0.07856213
2004.6666333,28.5196,23.937318523611694,-0.07872125418069702,-0.078448
2004.7500333,20.5977,19.185720838714296,0.09290840900338784,0.09263009
2004.8333333,17.6758,20.720869502614676,0.09261891512853938,0.09251596
2004.9166333,21.2154,21.66915646565761,0.09251902630223863,0.09240182
2005.0000333,23.6779,21.496410274323402,0.09253577863967072,0.09228769
2005.0833333,23.1404,21.946680863039866,0.09249312009943851,0.09217355
2005.1666333,25.6799,24.30449162594579,0.09230471695201029,0.09205942
2005.2500333,18.373,27.873816194368434,0.0920681540133494,0.091983
2005.3333333,10.2969,29.524041838800784,0.09196536276669649,0.09186886
2005.4166333,11.1439,27.86484107548029,0.09206871776262246,0.09175473
2005.5000333,-5.5479,25.076087591561887,0.09225051707672996,0.09164059
2005.5833333,-25.5472,24.503005877508137,0.0922905327832128,0.09152646
2005.6666333,-48.3927,27.68080233727588,0.09208029596700901,0.09141232
2005.7500333,-45.3153,-28.925966277550195,0.02222866179108588,0.02667369
2005.8333333,-41.6994,-31.438293264353817,0.021938669367076544,0.02655956
2005.9166333,-35.1605,-31.54847132427288,0.021838780540776016,0.02644542
2006.0000333,-41.0064,-31.55883851870955,0.021855532878208035,0.02633129
2006.0833333,-41.8522,-31.50930569313074,0.021812874337975657,0.02621715
2006.1666333,-45.5442,-30.37595145870243,0.021624471190547265,0.02610302
2006.2500333,-49.0056,-26.918999800066295,0.021387908251886436,0.02590542
2006.3333333,-28.0054,-24.787096863224896,0.021285117005233768,0.02579129
2006.4166333,-21.9284,-26.929720629917654,0.02138847200115935,0.02567715
2006.5000333,-11.3131,-29.776863476158173,0.021570271315266794,0.02556302
2006.5833333,16.0715,-30.23073061871597,0.021610287021750135,0.02544888
2006.6666333,26.61,-27.147451324122525,0.02140005020552846,0.02533475
2006.7500333,39.0712,34.875947531729246,0.09496642829958458,0.09860571
2006.8333333,47.8403,33.47663770733873,0.09467693880532214,0.09849157
2006.9166333,56.994,32.80052843122137,0.09457704997902122,0.09837744
2007.0000333,68.6858,32.92112242297866,0.09459380231645328,0.0982633
2007.0833333,80.3778,32.60833618132775,0.0945511437762212,0.09814917
2007.1666333,92.9159,31.008293552189336,0.09436274062879266,0.09803503
2007.2500333,92.3768,28.563764292520094,0.09412617769013173,0.09799956
2007.3333333,103.146,27.396747776950207,0.09402338644347932,0.09788543
2007.4166333,89.3758,28.57003439091389,0.09412674143940514,0.09777129
2007.5000333,82.452,30.486230392484114,0.09430854075351254,0.09765716
2007.5833333,68.3744,30.87415195319384,0.0943485564599956,0.09754302
2007.6666333,73.2198,28.698435858264197,0.09413831964384012,0.09742889
2007.7500333,69.065,20.553778338329966,0.015958236767242416,0.014874
2007.8333333,63.9104,20.7827903238311,0.0156682704448019,0.01475987
2007.9166333,54.1403,20.610589729040413,0.015568381618501197,0.01464573
2008.0000333,58.6007,20.64778598534169,0.015585133955933188,0.0145316
2008.0833333,49.3689,20.546651204709768,0.015542475415700939,0.01441746
2008.1666333,38.0602,19.858910410813166,0.015354072268272664,0.01430333
2008.2500333,19.982,18.491028287219944,0.015117509329611794,0.01409004
2008.3333333,24.1346,17.737915781639956,0.015014718082958935,0.0139759
2008.4166333,19.7488,18.494903061686614,0.015118073078884953,0.01386177
2008.5000333,13.7474,19.592678024500653,0.01529987239299243,0.01374763
2008.5833333,15.3614,19.792062366988727,0.01533988809947519,0.0136335
2008.6666333,12.5139,18.57385632486043,0.0151296512832211,0.01351936
2008.7500333,-13.257,-16.295683575558748,-0.10592151277139573,-0.10882058
2008.8333333,-18.4123,-17.595323911786874,-0.10601361030832135,-0.10870645
2008.9166333,-6.5677,-16.219925906517098,-0.10591591223761884,-0.10859231
2009.0000333,2.3535,-13.685514655390115,-0.10570157300318384,-0.10847818
2009.0833333,-0.1097,-12.390886727457257,-0.10554664464641328,-0.10836404
2009.1666333,0.504,-12.330200739474709,-0.10553746089683873,-0.10824991
2009.2500333,15.5789,-12.600467723495719,-0.10557643693849657,-0.10801844
2009.3333333,3.8079,-12.001672649614967,-0.10548164128814619,-0.1079043
2009.4166333,-3.194,-11.448825957865182,-0.10518069939521757,-0.10779017
2009.5000333,-18.1962,-13.456914939977482,-0.10480131318410715,-0.10767603
2009.5833333,-24.5059,-15.853913865251759,-0.1045637105806209,-0.1075619
2009.6666333,-24.7387,-15.71096223029596,-0.10457636049977449,-0.10744776
2009.7500333,-28.5872,2.959682588078288,0.08569183470658862,0.08411631
2009.8333333,-14.7432,6.296823542329277,0.0854022804310709,0.08400218
2009.9166333,-4.6685,7.430212853051943,0.08530239160477003,0.08388804
2010.0000333,-6.9018,7.243784519598122,0.08531914394220211,0.08377391
2010.0833333,-3.1349,7.714840979157337,0.08527648540196998,0.08365977
2010.1666333,-1.3681,9.602599099052869,0.0850880822545414,0.08354564
2010.2500333,-9.9092,11.321457235968435,0.08485151931588049,0.0834253
2010.3333333,-4.2963,11.78363995225252,0.08474872806922815,0.08331116
2010.4166333,15.3165,11.318417135173187,0.084852083065154,0.08319703
2010.5000333,9.3906,10.069680332062898,0.0850338823792614,0.08308289
2010.5833333,17.0802,9.728610841445143,0.08507389808574439,0.08296876
2010.6666333,16.0006,11.254786290827262,0.08486366126951078,0.08285462
2010.7500333,21.536,-6.854857993436498,-0.04798113498190811,-0.04546932
2010.8333333,20.3024,-8.93775788125273,-0.04807349450840041,-0.04535518
2010.9166333,20.0687,-6.737958389271304,-0.04797579643769807,-0.04524105
2011.0000333,22.7579,-2.4118729846409233,-0.04776145720326309,-0.04512691
2011.0833333,20.5241,0.21771235925185195,-0.04760652884649239,-0.04501278
2011.1666333,16.3672,0.35968366236869365,-0.04759734509691772,-0.04489864
2011.2500333,17.0561,-0.2536345428045448,-0.04763632113857559,-0.04485296
2011.3333333,13.0529,1.1888957905462414,-0.0475415254882254,-0.04473883
2011.4166333,-3.1042,4.700850232970744,-0.04724058359529634,-0.04462469
2011.5000333,8.4308,7.292756654150017,-0.04686119738418589,-0.04451056
2011.5833333,1.2736,8.372850501577691,-0.04662359478070022,-0.04439642
2011.6666333,1.1163,8.318803270832932,-0.046636244699892894,-0.04428229
2011.7500333,17.4973,36.01724649623576,0.09597489724963072,0.09525157
2011.8333333,11.1091,35.96892813506871,0.09568541760259779,0.09513743
2011.9166333,17.7978,35.9216948841985,0.09558552877629674,0.0950233
2012.0000333,13.794,35.9307926580938,0.09560228111372879,0.09490916
2012.0833333,8.8672,35.90658939986487,0.09555962257349679,0.09479503
2012.1666333,15.0173,35.748403509226634,0.09537121942606833,0.09468089
2012.2500333,20.8594,35.358842916843976,0.09513465648740738,0.09459553
2012.3333333,19.2402,35.0886482160683,0.09503186524075484,0.09448139
2012.4166333,24.8516,35.36012860499128,0.09513522023668054,0.09436726
2012.5000333,21.0013,35.68215417434733,0.09531701955078797,0.09425312
2012.5833333,2.9973,35.73214807198625,0.09535703525727118,0.09413899
2012.6666333,5.6085,35.386093010488864,0.09514679844108395,0.09402485
2012.7500333,-6.7804,-35.254830894016834,-0.011887545074827498,-0.01357342
2012.8333333,-14.2462,-33.639708208845796,-0.011979901145225385,-0.01345928
2012.9166333,-15.8658,-35.346006530474504,-0.011882203074523222,-0.01334515
2013.0000333,-12.7165,-38.732592167848104,-0.011667863840088163,-0.01323101
2013.0833333,-12.567,-40.7490049335684,-0.011512935483317343,-0.01311688
2013.1666333,-11.4176,-40.854532896606806,-0.011503751733742988,-0.01300274
2013.2500333,-30.73,-40.3952409185722,-0.011542727775400902,-0.01295981
2013.3333333,-31.5038,-41.458774698097784,-0.011447932125050204,-0.01284568
2013.4166333,-31.4315,-43.4711880945225,-0.01114699023212131,-0.01273154
2013.5000333,-24.8979,-42.57379929541449,-0.010767604021010829,-0.01261741
2013.5833333,-42.9026,-40.05973075017672,-0.010530001417524935,-0.01250327
2013.6666333,-48.3689,-40.22734844166821,-0.010542651336747486,-0.01238914
2013.7500333,-42.297,-26.190479126070997,0.03770267739914672,0.03771715
2013.8333333,-32.6096,-31.39524380750116,0.03741304232410449,0.03760302
2013.9166333,-31.4607,-32.83407272853538,0.0373131534978039,0.03748888
2014.0000333,-24.5428,-32.605190046853245,0.037329905835235905,0.03737475
2014.0833333,-31.3941,-33.178339681123184,0.03728724729500357,0.03726061
2014.1666333,-31.4761,-35.34344403628755,0.03709884414757522,0.03714648
2014.2500333,-41.0199,-37.30954275593561,0.03686228120891438,0.03715903
2014.3333333,-34.7944,-37.943432513592924,0.03675948996226165,0.03704489
2014.4166333,-55.7997,-37.30572875370791,0.03686284495818778,0.03693076
2014.5000333,-55.8052,-35.862713807309305,0.03704464427229524,0.03681662
2014.5833333,-57.426,-35.483571873467106,0.037084659978777856,0.03670249
2014.6666333,-42.7391,-37.22654785417728,0.036874423162591874,0.03658835
2014.7500333,-37.5141,-27.255387239733484,0.06597812179421127,0.06709132
2014.8333333,-34.9043,-26.116118405120453,0.06568834423771028,0.06697718
2014.9166333,-26.5253,-25.6809404731304,0.06558845541140929,0.06686305
2015.0000333,-18.9158,-25.755613782463804,0.06560520774884133,0.06674891
2015.0833333,-16.8446,-25.56403124734649,0.0655625492086093,0.06663478
2015.1666333,-15.9273,-24.65261934731445,0.06537414606118079,0.06652064
2015.2500333,-22.318,-23.293259457278,0.06513758312251985,0.06632505
2015.3333333,-19.247,-22.59372235863512,0.06503479187586739,0.06621091
2015.4166333,-7.9452,-23.296884018195087,0.06513814687179313,0.06609678
2015.5000333,-1.8745,-24.366208162481414,0.06531994618590055,0.06598264
2015.5833333,-1.5729,-24.57887479283848,0.06535996189238368,0.06586851
2015.6666333,-11.5021,-23.370851073508835,0.06514972507614189,0.06575437
2015.7500333,-12.4316,-9.312893329125824,-0.06375092806898268,-0.06230812
2015.8333333,-13.0532,-9.82056780752345,-0.06384319403921244,-0.06219399
2015.9166333,-20.6749,-9.28282357981737,-0.06374549596851023,-0.06207985
2016.0000333,-22.3738,-8.103538928566675,-0.06353115673407517,-0.06196572
2016.0833333,-23.2264,-7.286011091975416,-0.06337622837730439,-0.06185158
2016.1666333,-25.0021,-7.239011792295478,-0.06336704462772964,-0.06173745
2016.2500333,-21.6242,-7.43971193511829,-0.06340602066938755,-0.0615765
2016.3333333,-22.7846,-6.9574212497437715,-0.0633112250190375,-0.06146237
2016.4166333,-19.022,-5.580498352507621,-0.06301028312610857,-0.06134823
2016.5000333,-20.1058,-4.291097339132073,-0.0626308969149981,-0.0612341
2016.5833333,-24.1895,-3.8715811632937847,-0.062393294311512276,-0.06111996
2016.6666333,-31.504,-3.883482841331576,-0.06240594423067989,-0.06100583
2016.7500333,-19.1265,-16.53147358494811,0.02471891876501542,0.022372
2016.8333333,-14.5949,-10.817167126470146,0.024429273331560232,0.02225786
2016.9166333,-7.6019,-9.117849192237731,0.0243293845052597,0.02214373
2017.0000333,8.5447,-9.389766857814653,0.02434613684269172,0.02202959
2017.0833333,9.3837,-8.708592321668199,0.024303478302459346,0.02191546
2017.1666333,9.7612,-6.197906306480274,0.024115075155030953,0.02180132
2017.2500333,14.6769,-4.435199345423025,0.023878512216370124,0.02167485
2017.3333333,23.9773,-4.222251633599883,0.023775720969717452,0.02156072
2017.4166333,38.4315,-4.437328429723945,0.02387907596564303,0.02144659
2017.5000333,39.8855,-5.646494846731467,0.024060875279750475,0.02133245
2017.5833333,33.4934,-6.04564637571754,0.02410089098623382,0.02121832
2017.6666333,38.3321,-4.483341008488886,0.023890654170026532,0.02110418
2017.7500333,33.3243,15.05435113506517,-0.0834554592658751,-0.08508865
2017.8333333,24.086,16.121620754896142,-0.08354775505400237,-0.08497452
2017.9166333,18.9245,14.989119788940862,-0.08345005698330034,-0.08486038
2018.0000333,12.1473,12.190237354411991,-0.0832357177488653,-0.08474625
2018.0833333,3.3703,9.985645557356479,-0.0830807893920944,-0.08463211
2018.1666333,-2.2529,9.85263071232099,-0.08307160564251997,-0.08451798
2018.2500333,5.5082,10.416074136729991,-0.08311058168417793,-0.08440885
2018.3333333,-8.6536,9.042641044813232,-0.08301578603382737,-0.08429472
2018.4166333,-25.3539,4.863139808911375,-0.0827148441408986,-0.08418058
2018.5000333,-25.516,1.2640589310089898,-0.08233545792978822,-0.08406645
2018.5833333,-35.601,0.7765085998223373,-0.08209785532630219,-0.08395231
2018.6666333,-34.6861,0.759881112009579,-0.08211050524549968,-0.08383818
2018.7500333,-29.4638,6.280539172164559,0.08326539076174787,0.08285788
2018.8333333,-21.472,6.651146985347737,0.08297588165419675,0.08274375
2018.9166333,-15.2496,7.101054055800836,0.08287599282789605,0.08262961
2019.0000333,-1.7197,7.0147306169306205,0.08289274516532816,0.08251548
2019.0833333,-4.0359,7.2428197318829355,0.08285008662509592,0.08240135
2019.1666333,-0.1982,8.544058785025204,0.08266168347766766,0.08228721
2019.2500333,5.4853,10.64084937684917,0.08242512053900679,0.08220379
2019.3333333,-11.6002,11.60549344442126,0.08232232929235393,0.08208965
2019.4166333,-9.3012,10.635558138468113,0.08242568428827995,0.08197552
2019.5000333,1.9206,8.991584739593964,0.08260748360238744,0.08186138
2019.5833333,1.2195,8.658567258549922,0.0826474993088702,0.08174725
2019.6666333,16.3645,10.526996478565799,0.08243726249266237,0.08163311
2019.7500333,16.9708,27.344065311451597,0.008791112907185865,0.01272238
2019.8333333,23.808,22.0488784642224,0.00850121762764958,0.01260824
2019.9166333,25.4143,20.76601881795488,0.008401328801349106,0.01249411
2020.0000333,30.7128,20.961147697748384,0.008418081138781133,0.01237997
2020.0833333,28.319,20.48011988954763,0.00837542259854872,0.01226584
2020.1666333,35.9252,18.968316754949537,0.008187019451120289,0.0121517
2020.2500333,29.1465,18.363701995083037,0.007950456512459474,0.01194791
2020.3333333,22.8295,18.476681091939135,0.007847665265806866,0.01183377
2020.4166333,19.5125,18.36364353554314,0.0079510202617325,0.01171964
2020.5000333,24.349,18.710637002586363,0.008132819575839934,0.0116055
2020.5833333,17.1857,18.893552454849644,0.008172835282323208,0.01149137
2020.6666333,4.2531,18.363880610927275,0.00796259846609661,0.01137723
2020.7500333,2.0125,18.706592859667506,0.016304025133601824,0.01977563
2020.8333333,-0.6894,20.373954679806772,0.016014433736249976,0.0196615
2020.9166333,-7.0068,20.662127475615645,0.015914544909949094,0.01954736
2021.0000333,-8.7091,20.62380605585333,0.015931297247381158,0.01943323
2021.0833333,-7.1035,20.713570490365136,0.015888638707149034,0.01931909
2021.1666333,-13.5749,20.812090892260994,0.015700235559720443,0.01920496
2021.2500333,-20.3542,20.30552863631364,0.01546367262105953,0.01917724
2021.3333333,-7.2104,19.89028026802738,0.015360881374407177,0.01906311
2021.4166333,-0.9127,20.307497097780644,0.015464236370333029,0.01894897
2021.5000333,13.2308,20.754907732914642,0.01564603568444042,0.01883484
2021.5833333,25.8361,20.800672152478306,0.015686051390923404,0.01872071
2021.6666333,23.7489,20.347160600840606,0.015475814574772248,0.01860657
2021.7500333,24.2769,43.997581111144775,0.05229825335201382,0.04973018
2021.8333333,16.0359,39.221361903058664,0.0520084127482273,0.04961604
2021.9166333,24.9486,37.279033600302235,0.05190852392192665,0.04950191
2022.0000333,33.7072,37.611683087128206,0.05192527625935865,0.04938777
2022.0833333,39.6967,36.76022015736255,0.05188261771912636,0.04927364
2022.1666333,28.9169,32.901812915764495,0.05169421457169805,0.0491595
2022.2500333,30.4445,28.217797380191598,0.05145765163303719,0.04898818
2022.3333333,33.0493,26.38655450247321,0.05135486038638439,0.04887404
2022.4166333,13.3462,28.228287345622768,0.05145821538231046,0.04875991
2022.5000333,7.8737,31.79309186585161,0.05164001469641793,0.04864577
2022.5833333,5.1706,32.61065117634297,0.051680030402900624,0.04853164
2022.6666333,-3.9172,28.444686960142306,0.0514697935866562,0.0484175
2022.7500333,-3.6207,-25.87328530071814,-0.1009364645043757,-0.10419664
2022.8333333,-4.6317,-27.76200208433998,-0.1010286947215202,-0.10408251
2022.9166333,-2.1812,-25.75810677441358,-0.10093099665081828,-0.10396837
2023.0000333,-5.7309,-21.045766899034877,-0.10071665741638328,-0.10385424
2023.0833333,-3.4344,-17.542007168421584,-0.10056172905961229,-0.1037401
2023.1666333,-5.9841,-17.335827103728953,-0.10055254531003778,-0.10362597
2023.2500333,12.0813,-18.213121219741794,-0.10059152135169576,-0.10350041
2023.3333333,20.3777,-16.09235821714428,-0.10049672570134532,-0.10338628
2023.4166333,21.8278,-9.980413963584366,-0.10019578380841666,-0.10327214
2023.5000333,39.2008,-5.075784637715209,-0.09981639759730626,-0.10315801
2023.5833333,56.1124,-4.347327895113184,-0.09957879499382008,-0.10304387
2023.6666333,51.4085,-4.3350221065136285,-0.09959144491299343,-0.10292974
2023.7500333,52.621,20.969383425517265,0.1014625910857098,0.09783089
2023.8333333,62.9025,25.439478263388974,0.1011730470953569,0.09771675
2023.9166333,77.0733,26.369003605921133,0.1010731582690561,0.09760262
2024.0000333,87.763,26.237543497214162,0.10108991060648817,0.09748848
2024.0833333,95.0417,26.552448068462823,0.10104725206625602,0.09737435
2024.1666333,90.5903,27.14181779572059,0.1008588489188274,0.09726021
